award_id,tender_id,winner_vendor_id,awarded_amount_inr,award_date,award_reason
A001,T001,V006,69018197,2023-02-23,Lowest responsive and technically qualified bidder (L1)
A002,T002,V011,134464544,2023-02-11,Lowest responsive and technically qualified bidder (L1)
A003,T003,V043,23627838,2023-03-10,Lowest responsive and technically qualified bidder (L1)
A004,T004,V014,17956609,2023-03-07,Lowest responsive and technically qualified bidder (L1)
A005,T005,V042,66022598,2023-03-11,Lowest responsive and technically qualified bidder (L1)
A006,T006,V026,76027932,2023-03-13,Lowest responsive and technically qualified bidder (L1)
A007,T007,V013,168773070,2023-03-07,Lowest responsive and technically qualified bidder (L1)
A008,T008,V004,116956566,2023-03-25,Lowest responsive and technically qualified bidder (L1)
A009,T009,V001,5416259,2023-03-15,Lowest responsive and technically qualified bidder (L1)
A010,T010,V001,24766823,2023-03-16,Lowest responsive and technically qualified bidder (L1)
A011,T011,V003,108970802,2023-03-14,Lowest responsive and technically qualified bidder (L1)
A012,T012,V037,40880423,2023-03-11,Lowest responsive and technically qualified bidder (L1)
A013,T013,V001,79954991,2023-03-24,Lowest responsive and technically qualified bidder (L1)
A014,T014,V004,149756528,2023-03-22,Lowest responsive and technically qualified bidder (L1)
A015,T015,V026,212345855,2023-03-16,Lowest responsive and technically qualified bidder (L1)
A016,T016,V006,4363314,2023-03-28,Lowest responsive and technically qualified bidder (L1)
A017,T017,V005,89118177,2023-03-26,Lowest responsive and technically qualified bidder (L1)
A018,T018,V001,18205736,2023-03-25,Lowest responsive and technically qualified bidder (L1)
A019,T019,V001,101656625,2023-04-04,Lowest responsive and technically qualified bidder (L1)
A020,T020,V001,72205891,2023-03-09,Lowest responsive and technically qualified bidder (L1)
A021,T021,V001,12961186,2023-04-10,Lowest responsive and technically qualified bidder (L1)
A022,T022,V002,20028670,2023-03-30,Lowest responsive and technically qualified bidder (L1)
A023,T023,V017,119720028,2023-04-08,Lowest responsive and technically qualified bidder (L1)
A024,T024,V036,166308867,2023-03-30,Lowest responsive and technically qualified bidder (L1)
A025,T025,V001,105696127,2023-04-10,Lowest responsive and technically qualified bidder (L1)
A026,T026,V014,27169693,2023-04-11,Lowest responsive and technically qualified bidder (L1)
A027,T027,V024,69165240,2023-03-29,Lowest responsive and technically qualified bidder (L1)
A028,T028,V044,29001190,2023-04-07,Lowest responsive and technically qualified bidder (L1)
A029,T029,V001,74092452,2023-04-08,Lowest responsive and technically qualified bidder (L1)
A030,T030,V001,28121996,2023-04-14,Lowest responsive and technically qualified bidder (L1)
A031,T031,V021,210908138,2023-04-18,Lowest responsive and technically qualified bidder (L1)
A032,T032,V029,153988404,2023-04-04,Lowest responsive and technically qualified bidder (L1)
A033,T033,V001,165609321,2023-04-24,Lowest responsive and technically qualified bidder (L1)
A034,T034,V001,110062170,2023-04-19,Lowest responsive and technically qualified bidder (L1)
A035,T035,V002,9772625,2023-03-26,Lowest responsive and technically qualified bidder (L1)
A036,T036,V001,111626162,2023-04-12,Lowest responsive and technically qualified bidder (L1)
A037,T037,V042,82239564,2023-04-29,Lowest responsive and technically qualified bidder (L1)
A038,T038,V016,134451015,2023-04-25,Lowest responsive and technically qualified bidder (L1)
A039,T039,V036,130551246,2023-04-13,Lowest responsive and technically qualified bidder (L1)
A040,T040,V017,17723017,2023-04-25,Lowest responsive and technically qualified bidder (L1)
A041,T041,V042,13536665,2023-04-30,Lowest responsive and technically qualified bidder (L1)
A042,T042,V026,44449397,2023-05-02,Lowest responsive and technically qualified bidder (L1)
A043,T043,V024,149704982,2023-04-22,Lowest responsive and technically qualified bidder (L1)
A044,T044,V031,128308413,2023-05-03,Lowest responsive and technically qualified bidder (L1)
A045,T045,V040,117733340,2023-05-03,Lowest responsive and technically qualified bidder (L1)
A046,T046,V019,48889257,2023-05-07,Lowest responsive and technically qualified bidder (L1)
A047,T047,V006,119308618,2023-05-11,Lowest responsive and technically qualified bidder (L1)
A048,T048,V035,23727930,2023-05-12,Lowest responsive and technically qualified bidder (L1)
A049,T049,V015,14587783,2023-05-04,Lowest responsive and technically qualified bidder (L1)
A050,T050,V021,11315875,2023-05-08,Lowest responsive and technically qualified bidder (L1)
A051,T051,V049,54732360,2023-05-10,Lowest responsive and technically qualified bidder (L1)
A052,T052,V032,40988727,2023-05-06,Lowest responsive and technically qualified bidder (L1)
A053,T053,V037,153514375,2023-05-11,Lowest responsive and technically qualified bidder (L1)
A054,T054,V001,77597319,2023-05-11,Lowest responsive and technically qualified bidder (L1)
A055,T055,V006,9760702,2023-05-06,Lowest responsive and technically qualified bidder (L1)
A056,T056,V014,32764549,2023-05-20,Lowest responsive and technically qualified bidder (L1)
A057,T057,V007,162092886,2023-05-24,Lowest responsive and technically qualified bidder (L1)
A058,T058,V016,14584031,2023-05-19,Lowest responsive and technically qualified bidder (L1)
A059,T059,V044,102750686,2023-05-21,Lowest responsive and technically qualified bidder (L1)
A060,T060,V023,9672489,2023-05-28,Lowest responsive and technically qualified bidder (L1)
A061,T061,V023,10938438,2023-05-18,Lowest responsive and technically qualified bidder (L1)
A062,T062,V048,40307759,2023-05-29,Lowest responsive and technically qualified bidder (L1)
A063,T063,V028,28659852,2023-05-27,Lowest responsive and technically qualified bidder (L1)
A064,T064,V027,164741700,2023-05-23,Lowest responsive and technically qualified bidder (L1)
A065,T065,V027,143586927,2023-05-18,Lowest responsive and technically qualified bidder (L1)
A066,T066,V032,110430016,2023-05-24,Lowest responsive and technically qualified bidder (L1)
A067,T067,V030,98583557,2023-05-21,Lowest responsive and technically qualified bidder (L1)
A068,T068,V015,28291158,2023-05-29,Lowest responsive and technically qualified bidder (L1)
A069,T069,V006,133686281,2023-06-04,Lowest responsive and technically qualified bidder (L1)
A070,T070,V050,32375070,2023-06-02,Lowest responsive and technically qualified bidder (L1)
A071,T071,V040,123609493,2023-05-27,Lowest responsive and technically qualified bidder (L1)
A072,T072,V001,131803676,2023-06-11,Lowest responsive and technically qualified bidder (L1)
A073,T073,V020,80208016,2023-06-06,Lowest responsive and technically qualified bidder (L1)
A074,T074,V011,123799137,2023-06-17,Lowest responsive and technically qualified bidder (L1)
A075,T075,V017,162349359,2023-06-12,Lowest responsive and technically qualified bidder (L1)
A076,T076,V025,34462861,2023-06-04,Lowest responsive and technically qualified bidder (L1)
A077,T077,V048,69368664,2023-06-15,Lowest responsive and technically qualified bidder (L1)
A078,T078,V018,8090013,2023-06-23,Lowest responsive and technically qualified bidder (L1)
A079,T079,V017,77662177,2023-06-18,Lowest responsive and technically qualified bidder (L1)
A080,T080,V034,27204903,2023-06-22,Lowest responsive and technically qualified bidder (L1)
A081,T081,V041,4238826,2023-06-12,Lowest responsive and technically qualified bidder (L1)
A082,T082,V019,27460418,2023-06-20,Lowest responsive and technically qualified bidder (L1)
A083,T083,V008,88990512,2023-06-14,Lowest responsive and technically qualified bidder (L1)
A084,T084,V004,42271289,2023-06-29,Lowest responsive and technically qualified bidder (L1)
A085,T085,V047,138467697,2023-06-16,Lowest responsive and technically qualified bidder (L1)
A086,T086,V018,29633518,2023-06-29,Lowest responsive and technically qualified bidder (L1)
A087,T087,V042,52723832,2023-06-30,Lowest responsive and technically qualified bidder (L1)
A088,T088,V015,130286019,2023-06-23,Lowest responsive and technically qualified bidder (L1)
A089,T089,V030,132454935,2023-07-03,Lowest responsive and technically qualified bidder (L1)
A090,T090,V036,34652833,2023-06-29,Lowest responsive and technically qualified bidder (L1)
A091,T091,V012,55508075,2023-07-07,Lowest responsive and technically qualified bidder (L1)
A092,T092,V020,66009659,2023-07-06,Lowest responsive and technically qualified bidder (L1)
A093,T093,V032,43083140,2023-06-28,Lowest responsive and technically qualified bidder (L1)
A094,T094,V008,41019435,2023-06-24,Lowest responsive and technically qualified bidder (L1)
A095,T095,V034,89028923,2023-07-11,Lowest responsive and technically qualified bidder (L1)
A096,T096,V014,133638821,2023-06-29,Lowest responsive and technically qualified bidder (L1)
A097,T097,V032,104038693,2023-07-15,Lowest responsive and technically qualified bidder (L1)
A098,T098,V017,72648358,2023-07-08,Lowest responsive and technically qualified bidder (L1)
A099,T099,V022,89274552,2023-07-10,Lowest responsive and technically qualified bidder (L1)
A100,T100,V038,29102643,2023-07-16,Lowest responsive and technically qualified bidder (L1)
A101,T101,V037,48738414,2023-07-14,Lowest responsive and technically qualified bidder (L1)
A102,T102,V044,8480486,2023-07-11,Lowest responsive and technically qualified bidder (L1)
A103,T103,V031,9059747,2023-07-12,Lowest responsive and technically qualified bidder (L1)
A104,T104,V024,160165163,2023-07-22,Lowest responsive and technically qualified bidder (L1)
A105,T105,V042,57181545,2023-07-12,Lowest responsive and technically qualified bidder (L1)
A106,T106,V048,33763373,2023-07-27,Lowest responsive and technically qualified bidder (L1)
A107,T107,V004,24769443,2023-07-15,Lowest responsive and technically qualified bidder (L1)
A108,T108,V001,132246994,2023-07-18,Lowest responsive and technically qualified bidder (L1)
A109,T109,V027,97992643,2023-07-14,Lowest responsive and technically qualified bidder (L1)
A110,T110,V042,22558975,2023-07-29,Lowest responsive and technically qualified bidder (L1)
A111,T111,V009,8357216,2023-08-01,Lowest responsive and technically qualified bidder (L1)
A112,T112,V009,152455647,2023-07-27,Lowest responsive and technically qualified bidder (L1)
A113,T113,V048,38331752,2023-07-25,Lowest responsive and technically qualified bidder (L1)
A114,T114,V025,51150372,2023-08-08,Lowest responsive and technically qualified bidder (L1)
A115,T115,V009,126387439,2023-07-29,Lowest responsive and technically qualified bidder (L1)
A116,T116,V009,150863998,2023-08-02,Lowest responsive and technically qualified bidder (L1)
A117,T117,V028,141862038,2023-07-31,Lowest responsive and technically qualified bidder (L1)
A118,T118,V013,38154947,2023-08-04,Lowest responsive and technically qualified bidder (L1)
A119,T119,V036,142548985,2023-07-30,Lowest responsive and technically qualified bidder (L1)
A120,T120,V044,18824633,2023-08-14,Lowest responsive and technically qualified bidder (L1)
A121,T121,V026,79961386,2023-08-09,Lowest responsive and technically qualified bidder (L1)
A122,T122,V024,11284012,2023-08-07,Lowest responsive and technically qualified bidder (L1)
A123,T123,V014,68563709,2023-07-31,Lowest responsive and technically qualified bidder (L1)
A124,T124,V033,123254379,2023-08-15,Lowest responsive and technically qualified bidder (L1)
A125,T125,V038,54879340,2023-08-15,Lowest responsive and technically qualified bidder (L1)
A126,T126,V001,36831171,2023-08-24,Lowest responsive and technically qualified bidder (L1)
A127,T127,V009,15979418,2023-08-16,Lowest responsive and technically qualified bidder (L1)
A128,T128,V025,161304168,2023-08-11,Lowest responsive and technically qualified bidder (L1)
A129,T129,V006,49550342,2023-08-09,Lowest responsive and technically qualified bidder (L1)
A130,T130,V048,14301722,2023-08-24,Lowest responsive and technically qualified bidder (L1)
A131,T131,V023,110997448,2023-08-20,Lowest responsive and technically qualified bidder (L1)
A132,T132,V042,50741266,2023-08-18,Lowest responsive and technically qualified bidder (L1)
A133,T133,V011,143750370,2023-08-13,Lowest responsive and technically qualified bidder (L1)
A134,T134,V016,113095385,2023-08-28,Lowest responsive and technically qualified bidder (L1)
A135,T135,V015,145626180,2023-08-31,Lowest responsive and technically qualified bidder (L1)
A136,T136,V005,120556545,2023-08-29,Lowest responsive and technically qualified bidder (L1)
A137,T137,V007,48685094,2023-08-31,Lowest responsive and technically qualified bidder (L1)
A138,T138,V021,45353979,2023-09-01,Lowest responsive and technically qualified bidder (L1)
A139,T139,V020,111453852,2023-09-01,Lowest responsive and technically qualified bidder (L1)
A140,T140,V049,5043632,2023-09-06,Lowest responsive and technically qualified bidder (L1)
A141,T141,V048,50406572,2023-09-06,Lowest responsive and technically qualified bidder (L1)
A142,T142,V039,34195448,2023-09-05,Lowest responsive and technically qualified bidder (L1)
A143,T143,V025,124512509,2023-09-05,Lowest responsive and technically qualified bidder (L1)
A144,T144,V001,115171155,2023-09-05,Lowest responsive and technically qualified bidder (L1)
A145,T145,V008,11541046,2023-09-04,Lowest responsive and technically qualified bidder (L1)
A146,T146,V007,85599557,2023-09-06,Lowest responsive and technically qualified bidder (L1)
A147,T147,V044,168871957,2023-09-19,Lowest responsive and technically qualified bidder (L1)
A148,T148,V050,25859395,2023-09-08,Lowest responsive and technically qualified bidder (L1)
A149,T149,V007,165013965,2023-09-11,Lowest responsive and technically qualified bidder (L1)
A150,T150,V026,8762492,2023-09-26,Lowest responsive and technically qualified bidder (L1)
A151,T151,V021,67909203,2023-09-14,Lowest responsive and technically qualified bidder (L1)
A152,T152,V032,125106979,2023-09-15,Lowest responsive and technically qualified bidder (L1)
A153,T153,V050,146692854,2023-09-11,Lowest responsive and technically qualified bidder (L1)
A154,T154,V026,145030769,2023-09-22,Lowest responsive and technically qualified bidder (L1)
A155,T155,V030,147739604,2023-09-09,Lowest responsive and technically qualified bidder (L1)
A156,T156,V014,24372022,2023-09-14,Lowest responsive and technically qualified bidder (L1)
A157,T157,V018,126092741,2023-09-28,Lowest responsive and technically qualified bidder (L1)
A158,T158,V032,11566322,2023-09-29,Lowest responsive and technically qualified bidder (L1)
A159,T159,V008,115578403,2023-09-30,Lowest responsive and technically qualified bidder (L1)
A160,T160,V040,102193229,2023-10-09,Lowest responsive and technically qualified bidder (L1)
A161,T161,V035,78228815,2023-10-06,Lowest responsive and technically qualified bidder (L1)
A162,T162,V001,101991698,2023-09-22,Lowest responsive and technically qualified bidder (L1)
A163,T163,V002,152413279,2023-10-01,Lowest responsive and technically qualified bidder (L1)
A164,T164,V002,25233555,2023-09-26,Lowest responsive and technically qualified bidder (L1)
A165,T165,V050,145902114,2023-09-30,Lowest responsive and technically qualified bidder (L1)
A166,T166,V031,56552327,2023-10-02,Lowest responsive and technically qualified bidder (L1)
A167,T167,V046,51912653,2023-10-07,Lowest responsive and technically qualified bidder (L1)
A168,T168,V047,106683905,2023-10-11,Lowest responsive and technically qualified bidder (L1)
A169,T169,V007,158580085,2023-10-07,Lowest responsive and technically qualified bidder (L1)
A170,T170,V038,126992794,2023-10-15,Lowest responsive and technically qualified bidder (L1)
A171,T171,V011,86949460,2023-10-22,Lowest responsive and technically qualified bidder (L1)
A172,T172,V043,95723029,2023-10-20,Lowest responsive and technically qualified bidder (L1)
A173,T173,V026,69908273,2023-10-15,Lowest responsive and technically qualified bidder (L1)
A174,T174,V038,153386113,2023-10-16,Lowest responsive and technically qualified bidder (L1)
A175,T175,V031,40395262,2023-10-20,Lowest responsive and technically qualified bidder (L1)
A176,T176,V003,115791526,2023-10-15,Lowest responsive and technically qualified bidder (L1)
A177,T177,V043,102708852,2023-10-09,Lowest responsive and technically qualified bidder (L1)
A178,T178,V047,89787819,2023-10-23,Lowest responsive and technically qualified bidder (L1)
A179,T179,V038,154898915,2023-10-21,Lowest responsive and technically qualified bidder (L1)
A180,T180,V001,115985682,2023-10-25,Lowest responsive and technically qualified bidder (L1)
A181,T181,V030,77084393,2023-10-25,Lowest responsive and technically qualified bidder (L1)
A182,T182,V011,40175802,2023-10-23,Lowest responsive and technically qualified bidder (L1)
A183,T183,V005,152392932,2023-10-22,Lowest responsive and technically qualified bidder (L1)
A184,T184,V039,17753449,2023-10-27,Lowest responsive and technically qualified bidder (L1)
A185,T185,V043,132266485,2023-11-04,Lowest responsive and technically qualified bidder (L1)
A186,T186,V022,169080587,2023-11-10,Lowest responsive and technically qualified bidder (L1)
A187,T187,V004,84578231,2023-10-29,Lowest responsive and technically qualified bidder (L1)
A188,T188,V004,142133381,2023-11-02,Lowest responsive and technically qualified bidder (L1)
A189,T189,V031,150261458,2023-11-09,Lowest responsive and technically qualified bidder (L1)
A190,T190,V014,134783167,2023-10-30,Lowest responsive and technically qualified bidder (L1)
A191,T191,V022,69943405,2023-11-02,Lowest responsive and technically qualified bidder (L1)
A192,T192,V015,158074063,2023-11-08,Lowest responsive and technically qualified bidder (L1)
A193,T193,V016,22519053,2023-11-10,Lowest responsive and technically qualified bidder (L1)
A194,T194,V046,71538124,2023-11-05,Lowest responsive and technically qualified bidder (L1)
A195,T195,V028,6461073,2023-11-14,Lowest responsive and technically qualified bidder (L1)
A196,T196,V004,73620773,2023-11-13,Lowest responsive and technically qualified bidder (L1)
A197,T197,V047,118587218,2023-11-18,Lowest responsive and technically qualified bidder (L1)
A198,T198,V001,49551904,2023-11-08,Lowest responsive and technically qualified bidder (L1)
A199,T199,V047,27158614,2023-11-16,Lowest responsive and technically qualified bidder (L1)
A200,T200,V010,91172574,2023-11-24,Lowest responsive and technically qualified bidder (L1)
A201,T201,V029,126605329,2023-11-19,Lowest responsive and technically qualified bidder (L1)
A202,T202,V004,60038983,2023-11-11,Lowest responsive and technically qualified bidder (L1)
A203,T203,V003,106483278,2023-11-22,Lowest responsive and technically qualified bidder (L1)
A204,T204,V039,125557902,2023-11-29,Lowest responsive and technically qualified bidder (L1)
A205,T205,V022,58124762,2023-11-30,Lowest responsive and technically qualified bidder (L1)
A206,T206,V026,163799772,2023-11-16,Lowest responsive and technically qualified bidder (L1)
A207,T207,V010,8826715,2023-12-06,Lowest responsive and technically qualified bidder (L1)
A208,T208,V008,143704278,2023-11-30,Lowest responsive and technically qualified bidder (L1)
A209,T209,V039,105793286,2023-12-01,Lowest responsive and technically qualified bidder (L1)
A210,T210,V028,66200843,2023-11-20,Lowest responsive and technically qualified bidder (L1)
A211,T211,V010,24575477,2023-12-03,Lowest responsive and technically qualified bidder (L1)
A212,T212,V013,89966862,2023-12-03,Lowest responsive and technically qualified bidder (L1)
A213,T213,V028,102257193,2023-12-02,Lowest responsive and technically qualified bidder (L1)
A214,T214,V004,159270784,2023-12-10,Lowest responsive and technically qualified bidder (L1)
A215,T215,V045,160080702,2023-11-26,Lowest responsive and technically qualified bidder (L1)
A216,T216,V001,111475415,2023-12-11,Lowest responsive and technically qualified bidder (L1)
A217,T217,V008,114210190,2023-12-06,Lowest responsive and technically qualified bidder (L1)
A218,T218,V045,47807573,2023-12-15,Lowest responsive and technically qualified bidder (L1)
A219,T219,V023,137024000,2023-12-08,Lowest responsive and technically qualified bidder (L1)
A220,T220,V008,130866723,2023-12-19,Lowest responsive and technically qualified bidder (L1)
A221,T221,V035,67969696,2023-12-13,Lowest responsive and technically qualified bidder (L1)
A222,T222,V048,154258098,2023-12-17,Lowest responsive and technically qualified bidder (L1)
A223,T223,V043,32527499,2023-12-14,Lowest responsive and technically qualified bidder (L1)
A224,T224,V023,5447865,2023-12-15,Lowest responsive and technically qualified bidder (L1)
A225,T225,V036,155292758,2023-12-23,Lowest responsive and technically qualified bidder (L1)
A226,T226,V019,143004189,2023-12-18,Lowest responsive and technically qualified bidder (L1)
A227,T227,V025,17505100,2023-12-21,Lowest responsive and technically qualified bidder (L1)
A228,T228,V015,140327470,2023-12-22,Lowest responsive and technically qualified bidder (L1)
A229,T229,V017,17152090,2024-01-01,Lowest responsive and technically qualified bidder (L1)
A230,T230,V046,80065967,2023-12-17,Lowest responsive and technically qualified bidder (L1)
A231,T231,V041,97367633,2024-01-03,Lowest responsive and technically qualified bidder (L1)
A232,T232,V043,62948706,2024-01-03,Lowest responsive and technically qualified bidder (L1)
A233,T233,V029,134277631,2023-12-22,Lowest responsive and technically qualified bidder (L1)
A234,T234,V001,122832215,2024-01-10,Lowest responsive and technically qualified bidder (L1)
A235,T235,V038,20369287,2024-01-05,Lowest responsive and technically qualified bidder (L1)
A236,T236,V029,103711358,2024-01-01,Lowest responsive and technically qualified bidder (L1)
A237,T237,V007,55756470,2024-01-05,Lowest responsive and technically qualified bidder (L1)
A238,T238,V031,30536031,2024-01-03,Lowest responsive and technically qualified bidder (L1)
A239,T239,V032,34841359,2023-12-30,Lowest responsive and technically qualified bidder (L1)
A240,T240,V040,6543930,2024-01-15,Lowest responsive and technically qualified bidder (L1)
A241,T241,V050,63503350,2024-01-15,Lowest responsive and technically qualified bidder (L1)
A242,T242,V048,16881007,2024-01-20,Lowest responsive and technically qualified bidder (L1)
A243,T243,V022,106022829,2024-01-09,Lowest responsive and technically qualified bidder (L1)
A244,T244,V019,73327678,2024-01-13,Lowest responsive and technically qualified bidder (L1)
A245,T245,V023,30036020,2024-01-14,Lowest responsive and technically qualified bidder (L1)
A246,T246,V001,78280468,2024-01-25,Lowest responsive and technically qualified bidder (L1)
A247,T247,V017,25421607,2024-01-20,Lowest responsive and technically qualified bidder (L1)
A248,T248,V044,14760851,2024-01-15,Lowest responsive and technically qualified bidder (L1)
A249,T249,V042,131248717,2024-01-22,Lowest responsive and technically qualified bidder (L1)
A250,T250,V046,157674806,2024-01-16,Lowest responsive and technically qualified bidder (L1)
A251,T251,V048,43627615,2024-01-27,Lowest responsive and technically qualified bidder (L1)
A252,T252,V001,132981800,2024-01-27,Lowest responsive and technically qualified bidder (L1)
A253,T253,V039,78062911,2024-01-21,Lowest responsive and technically qualified bidder (L1)
A254,T254,V019,70740732,2024-01-22,Lowest responsive and technically qualified bidder (L1)
A255,T255,V042,159364607,2024-02-01,Lowest responsive and technically qualified bidder (L1)
A256,T256,V005,66582296,2024-01-27,Lowest responsive and technically qualified bidder (L1)
A257,T257,V021,72916276,2024-02-02,Lowest responsive and technically qualified bidder (L1)
A258,T258,V046,90158343,2024-02-12,Lowest responsive and technically qualified bidder (L1)
A259,T259,V021,103657333,2024-02-07,Lowest responsive and technically qualified bidder (L1)
A260,T260,V033,122953760,2024-02-05,Lowest responsive and technically qualified bidder (L1)
A261,T261,V050,115786415,2024-02-11,Lowest responsive and technically qualified bidder (L1)
A262,T262,V039,46564259,2024-02-08,Lowest responsive and technically qualified bidder (L1)
A263,T263,V001,74100324,2024-02-10,Lowest responsive and technically qualified bidder (L1)
A264,T264,V025,10234120,2024-02-14,Lowest responsive and technically qualified bidder (L1)
A265,T265,V001,165252367,2024-02-04,Lowest responsive and technically qualified bidder (L1)
A266,T266,V023,62360519,2024-02-10,Lowest responsive and technically qualified bidder (L1)
A267,T267,V034,157703122,2024-02-15,Lowest responsive and technically qualified bidder (L1)
A268,T268,V022,156198961,2024-02-14,Lowest responsive and technically qualified bidder (L1)
A269,T269,V026,157002800,2024-02-08,Lowest responsive and technically qualified bidder (L1)
A270,T270,V001,47706695,2024-02-23,Lowest responsive and technically qualified bidder (L1)
A271,T271,V010,29313761,2024-02-24,Lowest responsive and technically qualified bidder (L1)
A272,T272,V004,81450459,2024-02-18,Lowest responsive and technically qualified bidder (L1)
A273,T273,V027,151198460,2024-02-13,Lowest responsive and technically qualified bidder (L1)
A274,T274,V003,43368318,2024-02-26,Lowest responsive and technically qualified bidder (L1)
A275,T275,V048,16351611,2024-02-26,Lowest responsive and technically qualified bidder (L1)
A276,T276,V013,141014290,2024-03-02,Lowest responsive and technically qualified bidder (L1)
A277,T277,V039,20200013,2024-02-26,Lowest responsive and technically qualified bidder (L1)
A278,T278,V016,166273674,2024-02-21,Lowest responsive and technically qualified bidder (L1)
A279,T279,V013,167742791,2024-02-23,Lowest responsive and technically qualified bidder (L1)
A280,T280,V035,119393007,2024-03-01,Lowest responsive and technically qualified bidder (L1)
A281,T281,V019,37330205,2024-03-03,Lowest responsive and technically qualified bidder (L1)
A282,T282,V036,85074893,2024-03-09,Lowest responsive and technically qualified bidder (L1)
A283,T283,V046,152112121,2024-02-23,Lowest responsive and technically qualified bidder (L1)
A284,T284,V005,111604142,2024-03-06,Lowest responsive and technically qualified bidder (L1)
A285,T285,V026,41133048,2024-03-10,Lowest responsive and technically qualified bidder (L1)
A286,T286,V045,109849684,2024-03-09,Lowest responsive and technically qualified bidder (L1)
A287,T287,V031,113750439,2024-03-12,Lowest responsive and technically qualified bidder (L1)
A288,T288,V001,53935750,2024-02-29,Lowest responsive and technically qualified bidder (L1)
A289,T289,V034,149062232,2024-03-13,Lowest responsive and technically qualified bidder (L1)
A290,T290,V024,52965769,2024-03-14,Lowest responsive and technically qualified bidder (L1)
A291,T291,V025,66636711,2024-03-12,Lowest responsive and technically qualified bidder (L1)
A292,T292,V030,166817262,2024-03-24,Lowest responsive and technically qualified bidder (L1)
A293,T293,V019,62836140,2024-03-16,Lowest responsive and technically qualified bidder (L1)
A294,T294,V026,28436931,2024-03-17,Lowest responsive and technically qualified bidder (L1)
A295,T295,V003,78277126,2024-03-26,Lowest responsive and technically qualified bidder (L1)
A296,T296,V044,83618073,2024-03-28,Lowest responsive and technically qualified bidder (L1)
A297,T297,V046,13622093,2024-03-19,Lowest responsive and technically qualified bidder (L1)
A298,T298,V009,6226241,2024-03-18,Lowest responsive and technically qualified bidder (L1)
A299,T299,V020,13303072,2024-03-24,Lowest responsive and technically qualified bidder (L1)
A300,T300,V026,147505573,2024-03-25,Lowest responsive and technically qualified bidder (L1)
A301,T301,V002,111230561,2024-03-24,Lowest responsive and technically qualified bidder (L1)
A302,T302,V028,40283026,2024-04-08,Lowest responsive and technically qualified bidder (L1)
A303,T303,V024,114688737,2024-04-02,Lowest responsive and technically qualified bidder (L1)
A304,T304,V008,140281900,2024-03-31,Lowest responsive and technically qualified bidder (L1)
A305,T305,V020,12032611,2024-03-30,Lowest responsive and technically qualified bidder (L1)
A306,T306,V001,71270838,2024-03-26,Lowest responsive and technically qualified bidder (L1)
A307,T307,V003,148404333,2024-04-04,Lowest responsive and technically qualified bidder (L1)
A308,T308,V020,71464040,2024-04-09,Lowest responsive and technically qualified bidder (L1)
A309,T309,V016,94152183,2024-04-03,Lowest responsive and technically qualified bidder (L1)
A310,T310,V043,149896803,2024-04-11,Lowest responsive and technically qualified bidder (L1)
A311,T311,V009,16089995,2024-04-09,Lowest responsive and technically qualified bidder (L1)
A312,T312,V019,13068601,2024-04-18,Lowest responsive and technically qualified bidder (L1)
A313,T313,V035,132441947,2024-04-18,Lowest responsive and technically qualified bidder (L1)
A314,T314,V031,48025151,2024-04-14,Lowest responsive and technically qualified bidder (L1)
A315,T315,V039,94751517,2024-04-12,Lowest responsive and technically qualified bidder (L1)
A316,T316,V038,31296734,2024-04-11,Lowest responsive and technically qualified bidder (L1)
A317,T317,V017,78202839,2024-04-20,Lowest responsive and technically qualified bidder (L1)
A318,T318,V032,53263279,2024-04-27,Lowest responsive and technically qualified bidder (L1)
A319,T319,V017,55718982,2024-04-19,Lowest responsive and technically qualified bidder (L1)
A320,T320,V007,146127725,2024-04-23,Lowest responsive and technically qualified bidder (L1)
A321,T321,V003,27879845,2024-04-26,Lowest responsive and technically qualified bidder (L1)
A322,T322,V029,114033715,2024-04-22,Lowest responsive and technically qualified bidder (L1)
A323,T323,V049,155500744,2024-04-25,Lowest responsive and technically qualified bidder (L1)
A324,T324,V001,88704294,2024-04-24,Lowest responsive and technically qualified bidder (L1)
A325,T325,V040,95936378,2024-04-28,Lowest responsive and technically qualified bidder (L1)
A326,T326,V019,138543461,2024-04-25,Lowest responsive and technically qualified bidder (L1)
A327,T327,V041,88294717,2024-05-01,Lowest responsive and technically qualified bidder (L1)
A328,T328,V049,59039764,2024-04-29,Lowest responsive and technically qualified bidder (L1)
A329,T329,V026,71366757,2024-05-12,Lowest responsive and technically qualified bidder (L1)
A330,T330,V003,131166254,2024-05-06,Lowest responsive and technically qualified bidder (L1)
A331,T331,V016,119743564,2024-05-09,Lowest responsive and technically qualified bidder (L1)
A332,T332,V025,141890751,2024-05-16,Lowest responsive and technically qualified bidder (L1)
A333,T333,V019,160006170,2024-05-12,Lowest responsive and technically qualified bidder (L1)
A334,T334,V033,78572379,2024-05-11,Lowest responsive and technically qualified bidder (L1)
A335,T335,V029,59382316,2024-05-10,Lowest responsive and technically qualified bidder (L1)
A336,T336,V009,160030509,2024-05-03,Lowest responsive and technically qualified bidder (L1)
A337,T337,V041,134249743,2024-05-02,Lowest responsive and technically qualified bidder (L1)
A338,T338,V006,95708188,2024-05-11,Lowest responsive and technically qualified bidder (L1)
A339,T339,V023,66040880,2024-05-18,Lowest responsive and technically qualified bidder (L1)
A340,T340,V047,16445756,2024-05-21,Lowest responsive and technically qualified bidder (L1)
A341,T341,V007,45054173,2024-05-20,Lowest responsive and technically qualified bidder (L1)
A342,T342,V001,74817996,2024-05-19,Lowest responsive and technically qualified bidder (L1)
A343,T343,V032,18414014,2024-05-27,Lowest responsive and technically qualified bidder (L1)
A344,T344,V041,155052303,2024-05-29,Lowest responsive and technically qualified bidder (L1)
A345,T345,V010,49602602,2024-06-05,Lowest responsive and technically qualified bidder (L1)
A346,T346,V012,57143363,2024-05-25,Lowest responsive and technically qualified bidder (L1)
A347,T347,V037,13174257,2024-05-21,Lowest responsive and technically qualified bidder (L1)
A348,T348,V004,23702905,2024-06-01,Lowest responsive and technically qualified bidder (L1)
A349,T349,V050,148806145,2024-05-28,Lowest responsive and technically qualified bidder (L1)
A350,T350,V013,155190602,2024-05-31,Lowest responsive and technically qualified bidder (L1)
A351,T351,V042,105490329,2024-06-09,Lowest responsive and technically qualified bidder (L1)
A352,T352,V034,110997338,2024-06-02,Lowest responsive and technically qualified bidder (L1)
A353,T353,V017,51255513,2024-05-29,Lowest responsive and technically qualified bidder (L1)
A354,T354,V020,3910919,2024-06-01,Lowest responsive and technically qualified bidder (L1)
A355,T355,V033,20103109,2024-06-14,Lowest responsive and technically qualified bidder (L1)
A356,T356,V011,132507514,2024-06-09,Lowest responsive and technically qualified bidder (L1)
A357,T357,V044,26351960,2024-06-14,Lowest responsive and technically qualified bidder (L1)
A358,T358,V039,36924336,2024-06-07,Lowest responsive and technically qualified bidder (L1)
A359,T359,V035,19642476,2024-06-17,Lowest responsive and technically qualified bidder (L1)
A360,T360,V001,83726883,2024-06-08,Lowest responsive and technically qualified bidder (L1)
A361,T361,V050,35286285,2024-06-15,Lowest responsive and technically qualified bidder (L1)
A362,T362,V034,131484869,2024-06-13,Lowest responsive and technically qualified bidder (L1)
A363,T363,V036,90587004,2024-06-15,Lowest responsive and technically qualified bidder (L1)
A364,T364,V026,39366837,2024-06-14,Lowest responsive and technically qualified bidder (L1)
A365,T365,V017,76901475,2024-06-20,Lowest responsive and technically qualified bidder (L1)
A366,T366,V017,64031026,2024-06-15,Lowest responsive and technically qualified bidder (L1)
A367,T367,V009,159436249,2024-06-15,Lowest responsive and technically qualified bidder (L1)
A368,T368,V050,151791198,2024-06-29,Lowest responsive and technically qualified bidder (L1)
A369,T369,V030,10860217,2024-06-30,Lowest responsive and technically qualified bidder (L1)
A370,T370,V039,122131928,2024-06-24,Lowest responsive and technically qualified bidder (L1)
A371,T371,V035,4445108,2024-06-19,Lowest responsive and technically qualified bidder (L1)
A372,T372,V038,147326896,2024-07-07,Lowest responsive and technically qualified bidder (L1)
A373,T373,V028,109264740,2024-06-28,Lowest responsive and technically qualified bidder (L1)
A374,T374,V019,27887225,2024-07-02,Lowest responsive and technically qualified bidder (L1)
A375,T375,V048,10666829,2024-07-02,Lowest responsive and technically qualified bidder (L1)
A376,T376,V018,136439275,2024-07-09,Lowest responsive and technically qualified bidder (L1)
A377,T377,V008,109438823,2024-07-14,Lowest responsive and technically qualified bidder (L1)
A378,T378,V001,89535699,2024-07-16,Lowest responsive and technically qualified bidder (L1)
A379,T379,V041,90116858,2024-07-06,Lowest responsive and technically qualified bidder (L1)
A380,T380,V005,141737959,2024-06-28,Lowest responsive and technically qualified bidder (L1)
A381,T381,V033,98712130,2024-07-14,Lowest responsive and technically qualified bidder (L1)
A382,T382,V041,91469035,2024-07-18,Lowest responsive and technically qualified bidder (L1)
A383,T383,V047,94836352,2024-07-13,Lowest responsive and technically qualified bidder (L1)
A384,T384,V048,81532540,2024-07-18,Lowest responsive and technically qualified bidder (L1)
A385,T385,V035,51765805,2024-07-11,Lowest responsive and technically qualified bidder (L1)
A386,T386,V045,162624961,2024-07-23,Lowest responsive and technically qualified bidder (L1)
A387,T387,V049,39072876,2024-07-12,Lowest responsive and technically qualified bidder (L1)
A388,T388,V042,124596611,2024-07-10,Lowest responsive and technically qualified bidder (L1)
A389,T389,V014,109952807,2024-07-14,Lowest responsive and technically qualified bidder (L1)
A390,T390,V044,140808141,2024-07-31,Lowest responsive and technically qualified bidder (L1)
A391,T391,V041,53696844,2024-07-19,Lowest responsive and technically qualified bidder (L1)
A392,T392,V049,82465088,2024-07-26,Lowest responsive and technically qualified bidder (L1)
A393,T393,V048,95987345,2024-07-30,Lowest responsive and technically qualified bidder (L1)
A394,T394,V020,77652462,2024-08-03,Lowest responsive and technically qualified bidder (L1)
A395,T395,V010,18775064,2024-07-23,Lowest responsive and technically qualified bidder (L1)
A396,T396,V001,20089105,2024-08-05,Lowest responsive and technically qualified bidder (L1)
A397,T397,V031,16846785,2024-08-08,Lowest responsive and technically qualified bidder (L1)
A398,T398,V003,28562754,2024-07-21,Lowest responsive and technically qualified bidder (L1)
A399,T399,V040,125675155,2024-08-13,Lowest responsive and technically qualified bidder (L1)
A400,T400,V039,142567972,2024-07-26,Lowest responsive and technically qualified bidder (L1)
A401,T401,V027,22080993,2024-08-03,Lowest responsive and technically qualified bidder (L1)
A402,T402,V045,154950782,2024-08-03,Lowest responsive and technically qualified bidder (L1)
A403,T403,V021,91330226,2024-08-13,Lowest responsive and technically qualified bidder (L1)
A404,T404,V016,123929700,2024-08-11,Lowest responsive and technically qualified bidder (L1)
A405,T405,V035,121079207,2024-08-07,Lowest responsive and technically qualified bidder (L1)
A406,T406,V040,154553842,2024-08-14,Lowest responsive and technically qualified bidder (L1)
A407,T407,V039,105915688,2024-08-18,Lowest responsive and technically qualified bidder (L1)
A408,T408,V019,103755950,2024-08-13,Lowest responsive and technically qualified bidder (L1)
A409,T409,V028,82825836,2024-08-28,Lowest responsive and technically qualified bidder (L1)
A410,T410,V050,64940245,2024-08-30,Lowest responsive and technically qualified bidder (L1)
A411,T411,V017,114156554,2024-08-14,Lowest responsive and technically qualified bidder (L1)
A412,T412,V011,76778406,2024-08-24,Lowest responsive and technically qualified bidder (L1)
A413,T413,V034,93379489,2024-08-22,Lowest responsive and technically qualified bidder (L1)
A414,T414,V001,30700614,2024-08-28,Lowest responsive and technically qualified bidder (L1)
A415,T415,V006,116214806,2024-08-20,Lowest responsive and technically qualified bidder (L1)
A416,T416,V017,4574536,2024-08-19,Lowest responsive and technically qualified bidder (L1)
A417,T417,V030,125365792,2024-08-23,Lowest responsive and technically qualified bidder (L1)
A418,T418,V005,47652364,2024-08-26,Lowest responsive and technically qualified bidder (L1)
A419,T419,V036,155369652,2024-09-02,Lowest responsive and technically qualified bidder (L1)
A420,T420,V003,121440840,2024-08-27,Lowest responsive and technically qualified bidder (L1)
A421,T421,V050,12199276,2024-09-01,Lowest responsive and technically qualified bidder (L1)
A422,T422,V036,165003204,2024-08-27,Lowest responsive and technically qualified bidder (L1)
A423,T423,V026,74597181,2024-09-08,Lowest responsive and technically qualified bidder (L1)
A424,T424,V036,93076540,2024-09-08,Lowest responsive and technically qualified bidder (L1)
A425,T425,V016,14799746,2024-09-07,Lowest responsive and technically qualified bidder (L1)
A426,T426,V026,132116277,2024-09-12,Lowest responsive and technically qualified bidder (L1)
A427,T427,V035,34412251,2024-09-11,Lowest responsive and technically qualified bidder (L1)
A428,T428,V027,132862957,2024-09-15,Lowest responsive and technically qualified bidder (L1)
A429,T429,V010,55071727,2024-09-06,Lowest responsive and technically qualified bidder (L1)
A430,T430,V011,108449853,2024-09-14,Lowest responsive and technically qualified bidder (L1)
A431,T431,V001,148328520,2024-09-14,Lowest responsive and technically qualified bidder (L1)
A432,T432,V001,86937341,2024-09-15,Lowest responsive and technically qualified bidder (L1)
A433,T433,V025,53627952,2024-09-22,Lowest responsive and technically qualified bidder (L1)
A434,T434,V020,74000520,2024-09-19,Lowest responsive and technically qualified bidder (L1)
A435,T435,V025,27803734,2024-09-14,Lowest responsive and technically qualified bidder (L1)
A436,T436,V005,114341683,2024-09-19,Lowest responsive and technically qualified bidder (L1)
A437,T437,V013,52741329,2024-09-23,Lowest responsive and technically qualified bidder (L1)
A438,T438,V024,73491936,2024-09-27,Lowest responsive and technically qualified bidder (L1)
A439,T439,V013,113923434,2024-10-03,Lowest responsive and technically qualified bidder (L1)
A440,T440,V047,148979698,2024-09-28,Lowest responsive and technically qualified bidder (L1)
A441,T441,V015,99802016,2024-10-09,Lowest responsive and technically qualified bidder (L1)
A442,T442,V021,68098325,2024-09-29,Lowest responsive and technically qualified bidder (L1)
A443,T443,V048,118807217,2024-10-02,Lowest responsive and technically qualified bidder (L1)
A444,T444,V032,159183846,2024-10-05,Lowest responsive and technically qualified bidder (L1)
A445,T445,V011,43988922,2024-09-29,Lowest responsive and technically qualified bidder (L1)
A446,T446,V015,95502565,2024-10-06,Lowest responsive and technically qualified bidder (L1)
A447,T447,V043,74311687,2024-10-13,Lowest responsive and technically qualified bidder (L1)
A448,T448,V045,99313230,2024-10-07,Lowest responsive and technically qualified bidder (L1)
A449,T449,V030,22576995,2024-10-03,Lowest responsive and technically qualified bidder (L1)
A450,T450,V001,40323465,2024-10-05,Lowest responsive and technically qualified bidder (L1)
A451,T451,V002,118929634,2024-10-17,Lowest responsive and technically qualified bidder (L1)
A452,T452,V039,61025786,2024-10-08,Lowest responsive and technically qualified bidder (L1)
A453,T453,V041,123453789,2024-10-08,Lowest responsive and technically qualified bidder (L1)
A454,T454,V022,49614220,2024-10-16,Lowest responsive and technically qualified bidder (L1)
A455,T455,V026,127281427,2024-10-22,Lowest responsive and technically qualified bidder (L1)
A456,T456,V005,15185314,2024-10-15,Lowest responsive and technically qualified bidder (L1)
A457,T457,V010,71676226,2024-10-22,Lowest responsive and technically qualified bidder (L1)
A458,T458,V040,92112696,2024-10-15,Lowest responsive and technically qualified bidder (L1)
A459,T459,V048,110747003,2024-10-17,Lowest responsive and technically qualified bidder (L1)
A460,T460,V005,64672523,2024-10-26,Lowest responsive and technically qualified bidder (L1)
A461,T461,V029,94262327,2024-11-06,Lowest responsive and technically qualified bidder (L1)
A462,T462,V008,13475451,2024-11-01,Lowest responsive and technically qualified bidder (L1)
A463,T463,V012,140492133,2024-10-26,Lowest responsive and technically qualified bidder (L1)
A464,T464,V024,94605996,2024-10-21,Lowest responsive and technically qualified bidder (L1)
A465,T465,V048,33823148,2024-10-26,Lowest responsive and technically qualified bidder (L1)
A466,T466,V042,58095274,2024-10-28,Lowest responsive and technically qualified bidder (L1)
A467,T467,V011,146779824,2024-11-06,Lowest responsive and technically qualified bidder (L1)
A468,T468,V001,5666394,2024-11-12,Lowest responsive and technically qualified bidder (L1)
A469,T469,V031,12583304,2024-11-02,Lowest responsive and technically qualified bidder (L1)
A470,T470,V001,158973176,2024-11-17,Lowest responsive and technically qualified bidder (L1)
A471,T471,V029,124159720,2024-11-02,Lowest responsive and technically qualified bidder (L1)
A472,T472,V021,17842439,2024-11-04,Lowest responsive and technically qualified bidder (L1)
A473,T473,V017,18024364,2024-11-05,Lowest responsive and technically qualified bidder (L1)
A474,T474,V035,136701047,2024-11-09,Lowest responsive and technically qualified bidder (L1)
A475,T475,V021,54570091,2024-11-15,Lowest responsive and technically qualified bidder (L1)
A476,T476,V035,13638695,2024-11-09,Lowest responsive and technically qualified bidder (L1)
A477,T477,V043,53430099,2024-11-17,Lowest responsive and technically qualified bidder (L1)
A478,T478,V030,83131499,2024-11-24,Lowest responsive and technically qualified bidder (L1)
A479,T479,V010,32088521,2024-11-24,Lowest responsive and technically qualified bidder (L1)
A480,T480,V034,149096012,2024-11-21,Lowest responsive and technically qualified bidder (L1)
A481,T481,V021,85573205,2024-11-22,Lowest responsive and technically qualified bidder (L1)
A482,T482,V024,151956575,2024-11-19,Lowest responsive and technically qualified bidder (L1)
A483,T483,V025,64954477,2024-11-19,Lowest responsive and technically qualified bidder (L1)
A484,T484,V010,149820686,2024-12-02,Lowest responsive and technically qualified bidder (L1)
A485,T485,V031,54796658,2024-11-28,Lowest responsive and technically qualified bidder (L1)
A486,T486,V001,70192504,2024-11-22,Lowest responsive and technically qualified bidder (L1)
A487,T487,V045,61704816,2024-11-29,Lowest responsive and technically qualified bidder (L1)
A488,T488,V028,75154695,2024-11-18,Lowest responsive and technically qualified bidder (L1)
A489,T489,V010,100817274,2024-11-22,Lowest responsive and technically qualified bidder (L1)
A490,T490,V020,4530839,2023-03-21,Lowest responsive and technically qualified bidder (L1)
A491,T491,V020,126858876,2024-12-06,Lowest responsive and technically qualified bidder (L1)
A492,T492,V006,74867638,2024-12-04,Lowest responsive and technically qualified bidder (L1)
A493,T493,V007,62408170,2024-11-28,Lowest responsive and technically qualified bidder (L1)
A494,T494,V044,139022524,2024-12-06,Lowest responsive and technically qualified bidder (L1)
A495,T495,V003,14899140,2024-12-08,Lowest responsive and technically qualified bidder (L1)
A496,T496,V005,25661117,2024-12-05,Lowest responsive and technically qualified bidder (L1)
A497,T497,V041,48825939,2024-12-17,Lowest responsive and technically qualified bidder (L1)
A498,T498,V025,41467318,2024-12-09,Lowest responsive and technically qualified bidder (L1)
A499,T499,V039,47311861,2024-12-06,Lowest responsive and technically qualified bidder (L1)
A500,T500,V019,36414547,2024-12-18,Lowest responsive and technically qualified bidder (L1)
