contract_id,tender_id,vendor_id,contract_value_inr,start_date,planned_end_date,actual_end_date,planned_duration_days,actual_duration_days,completion_status
C001,T001,V006,69018197,2023-03-09,2024-08-30,2024-12-09,540,641,DELAYED
C002,T002,V011,134464544,2023-02-25,2023-05-26,2023-09-01,90,188,DELAYED
C003,T003,V043,23627838,2023-03-24,2023-06-22,2023-06-22,90,90,COMPLETED
C004,T004,V014,17956609,2023-03-21,2023-06-19,2023-09-05,90,168,DELAYED
C005,T005,V042,66022598,2023-03-25,2024-09-15,2024-09-15,540,540,COMPLETED
C006,T006,V026,76027932,2023-03-27,2024-09-17,2025-01-09,540,654,DELAYED
C007,T007,V013,168773070,2023-03-21,2023-11-16,2023-11-16,240,240,COMPLETED
C008,T008,V004,116956566,2023-04-08,2023-12-04,2023-12-04,240,240,COMPLETED
C009,T009,V001,5416259,2023-03-29,2023-09-25,2023-10-30,180,215,COMPLETED
C010,T010,V001,24766823,2023-03-30,2024-03-29,2024-03-29,365,365,COMPLETED
C011,T011,V003,108970802,2023-03-28,2023-06-26,2023-09-03,90,159,DELAYED
C012,T012,V037,40880423,2023-03-25,2023-06-23,2023-06-23,90,90,COMPLETED
C013,T013,V001,79954991,2023-04-07,2024-04-06,2024-04-06,365,365,COMPLETED
C014,T014,V004,149756528,2023-04-05,2024-04-04,2024-04-04,365,365,COMPLETED
C015,T015,V026,212345855,2023-03-30,2024-09-20,2024-11-16,540,597,COMPLETED
C016,T016,V006,4363314,2023-04-11,2023-12-07,2023-12-07,240,240,COMPLETED
C017,T017,V005,89118177,2023-04-09,2023-07-08,2023-07-08,90,90,COMPLETED
C018,T018,V001,18205736,2023-04-08,2024-04-07,2024-04-07,365,365,COMPLETED
C019,T019,V001,101656625,2023-04-18,2023-12-14,2023-12-14,240,240,COMPLETED
C020,T020,V001,72205891,2023-03-23,2024-09-13,2024-09-13,540,540,COMPLETED
C021,T021,V001,12961186,2023-04-24,2024-04-23,2024-04-23,365,365,COMPLETED
C022,T022,V002,20028670,2023-04-13,2024-04-12,2024-04-12,365,365,COMPLETED
C023,T023,V017,119720028,2023-04-22,2023-12-18,2023-12-18,240,240,COMPLETED
C024,T024,V036,166308867,2023-04-13,2024-04-12,2024-04-12,365,365,COMPLETED
C025,T025,V001,105696127,2023-04-24,2024-04-23,2024-04-23,365,365,COMPLETED
C026,T026,V014,27169693,2023-04-25,2023-12-21,2023-12-21,240,240,COMPLETED
C027,T027,V024,69165240,2023-04-12,2024-04-11,2024-04-11,365,365,COMPLETED
C028,T028,V044,29001190,2023-04-21,2023-10-18,2024-01-01,180,255,DELAYED
C029,T029,V001,74092452,2023-04-22,2023-10-19,2023-10-19,180,180,COMPLETED
C030,T030,V001,28121996,2023-04-28,2023-10-25,2023-10-25,180,180,COMPLETED
C031,T031,V021,210908138,2023-05-02,2023-07-31,2023-07-31,90,90,COMPLETED
C032,T032,V029,153988404,2023-04-18,2024-10-09,2024-10-09,540,540,COMPLETED
C033,T033,V001,165609321,2023-05-08,2023-11-04,2023-11-04,180,180,COMPLETED
C034,T034,V001,110062170,2023-05-03,2024-05-02,2024-06-29,365,423,COMPLETED
C035,T035,V002,9772625,2023-04-09,2023-07-08,2023-10-06,90,180,DELAYED
C036,T036,V001,111626162,2023-04-26,2023-10-23,2023-10-23,180,180,COMPLETED
C037,T037,V042,82239564,2023-05-13,2023-11-09,2024-02-28,180,291,DELAYED
C038,T038,V016,134451015,2023-05-09,2024-10-30,2024-10-30,540,540,COMPLETED
C039,T039,V036,130551246,2023-04-27,2024-04-26,2024-04-26,365,365,COMPLETED
C040,T040,V017,17723017,2023-05-09,2024-10-30,2025-02-16,540,649,DELAYED
C041,T041,V042,13536665,2023-05-14,2024-11-04,2024-11-04,540,540,COMPLETED
C042,T042,V026,44449397,2023-05-16,2024-05-15,2024-05-15,365,365,COMPLETED
C043,T043,V024,149704982,2023-05-06,2024-01-01,2024-04-28,240,358,DELAYED
C044,T044,V031,128308413,2023-05-17,2024-11-07,2024-11-07,540,540,COMPLETED
C045,T045,V040,117733340,2023-05-17,2024-11-07,2024-11-07,540,540,COMPLETED
C046,T046,V019,48889257,2023-05-21,2024-11-11,2024-12-28,540,587,COMPLETED
C047,T047,V006,119308618,2023-05-25,2024-05-24,2024-05-24,365,365,COMPLETED
C048,T048,V035,23727930,2023-05-26,2024-01-21,2024-01-21,240,240,COMPLETED
C049,T049,V015,14587783,2023-05-18,2023-08-16,2023-08-16,90,90,COMPLETED
C050,T050,V021,11315875,2023-05-22,2024-01-17,2024-05-01,240,345,DELAYED
C051,T051,V049,54732360,2023-05-24,2023-11-20,2023-11-20,180,180,COMPLETED
C052,T052,V032,40988727,2023-05-20,2023-11-16,2024-01-04,180,229,COMPLETED
C053,T053,V037,153514375,2023-05-25,2023-08-23,2023-10-10,90,138,COMPLETED
C054,T054,V001,77597319,2023-05-25,2024-11-15,2024-11-15,540,540,COMPLETED
C055,T055,V006,9760702,2023-05-20,2024-01-15,2024-01-15,240,240,COMPLETED
C056,T056,V014,32764549,2023-06-03,2024-11-24,2024-11-24,540,540,COMPLETED
C057,T057,V007,162092886,2023-06-07,2024-06-06,2024-06-06,365,365,COMPLETED
C058,T058,V016,14584031,2023-06-02,2023-08-31,2023-08-31,90,90,COMPLETED
C059,T059,V044,102750686,2023-06-04,2024-11-25,2024-11-25,540,540,COMPLETED
C060,T060,V023,9672489,2023-06-11,2023-12-08,2024-03-30,180,293,DELAYED
C061,T061,V023,10938438,2023-06-01,2023-08-30,2023-12-24,90,206,DELAYED
C062,T062,V048,40307759,2023-06-12,2023-09-10,2023-09-10,90,90,COMPLETED
C063,T063,V028,28659852,2023-06-10,2023-12-07,2023-12-07,180,180,COMPLETED
C064,T064,V027,164741700,2023-06-06,2023-12-03,2023-12-03,180,180,COMPLETED
C065,T065,V027,143586927,2023-06-01,2023-08-30,2023-08-30,90,90,COMPLETED
C066,T066,V032,110430016,2023-06-07,2024-11-28,2024-11-28,540,540,COMPLETED
C067,T067,V030,98583557,2023-06-04,2024-11-25,2024-11-25,540,540,COMPLETED
C068,T068,V015,28291158,2023-06-12,2023-09-10,2023-09-10,90,90,COMPLETED
C069,T069,V006,133686281,2023-06-18,2024-02-13,2024-02-13,240,240,COMPLETED
C070,T070,V050,32375070,2023-06-16,2023-09-14,2023-09-14,90,90,COMPLETED
C071,T071,V040,123609493,2023-06-10,2023-12-07,2024-03-30,180,294,DELAYED
C072,T072,V001,131803676,2023-06-25,2024-06-24,2024-06-24,365,365,COMPLETED
C073,T073,V020,80208016,2023-06-20,2024-12-11,2024-12-11,540,540,COMPLETED
C074,T074,V011,123799137,2023-07-01,2024-06-30,2024-06-30,365,365,COMPLETED
C075,T075,V017,162349359,2023-06-26,2024-02-21,2024-02-21,240,240,COMPLETED
C076,T076,V025,34462861,2023-06-18,2023-12-15,2024-02-21,180,248,DELAYED
C077,T077,V048,69368664,2023-06-29,2023-12-26,2023-12-26,180,180,COMPLETED
C078,T078,V018,8090013,2023-07-07,2024-01-03,2024-01-03,180,180,COMPLETED
C079,T079,V017,77662177,2023-07-02,2024-07-01,2024-07-01,365,365,COMPLETED
C080,T080,V034,27204903,2023-07-06,2024-01-02,2024-01-02,180,180,COMPLETED
C081,T081,V041,4238826,2023-06-26,2024-02-21,2024-02-21,240,240,COMPLETED
C082,T082,V019,27460418,2023-07-04,2023-10-02,2023-10-02,90,90,COMPLETED
C083,T083,V008,88990512,2023-06-28,2024-02-23,2024-02-23,240,240,COMPLETED
C084,T084,V004,42271289,2023-07-13,2023-10-11,2023-10-11,90,90,COMPLETED
C085,T085,V047,138467697,2023-06-30,2024-06-29,2024-06-29,365,365,COMPLETED
C086,T086,V018,29633518,2023-07-13,2024-07-12,2024-07-12,365,365,COMPLETED
C087,T087,V042,52723832,2023-07-14,2023-10-12,2023-10-12,90,90,COMPLETED
C088,T088,V015,130286019,2023-07-07,2024-12-28,2024-12-28,540,540,COMPLETED
C089,T089,V030,132454935,2023-07-17,2024-01-13,2024-01-13,180,180,COMPLETED
C090,T090,V036,34652833,2023-07-13,2024-01-09,2024-01-09,180,180,COMPLETED
C091,T091,V012,55508075,2023-07-21,2025-01-11,2025-01-11,540,540,COMPLETED
C092,T092,V020,66009659,2023-07-20,2024-01-16,2024-04-20,180,275,DELAYED
C093,T093,V032,43083140,2023-07-12,2024-07-11,2024-10-31,365,477,DELAYED
C094,T094,V008,41019435,2023-07-08,2024-07-07,2024-07-07,365,365,COMPLETED
C095,T095,V034,89028923,2023-07-25,2024-07-24,2024-07-24,365,365,COMPLETED
C096,T096,V014,133638821,2023-07-13,2023-10-11,2023-10-11,90,90,COMPLETED
C097,T097,V032,104038693,2023-07-29,2025-01-19,2025-03-26,540,606,DELAYED
C098,T098,V017,72648358,2023-07-22,2025-01-12,2025-01-12,540,540,COMPLETED
C099,T099,V022,89274552,2023-07-24,2023-10-22,2023-10-22,90,90,COMPLETED
C100,T100,V038,29102643,2023-07-30,2025-01-20,2025-04-20,540,630,DELAYED
C101,T101,V037,48738414,2023-07-28,2024-03-24,2024-03-24,240,240,COMPLETED
C102,T102,V044,8480486,2023-07-25,2025-01-15,2025-01-15,540,540,COMPLETED
C103,T103,V031,9059747,2023-07-26,2023-10-24,2023-10-24,90,90,COMPLETED
C104,T104,V024,160165163,2023-08-05,2024-02-01,2024-05-23,180,292,DELAYED
C105,T105,V042,57181545,2023-07-26,2025-01-16,2025-03-19,540,602,DELAYED
C106,T106,V048,33763373,2023-08-10,2024-08-09,2024-08-09,365,365,COMPLETED
C107,T107,V004,24769443,2023-07-29,2024-03-25,2024-03-25,240,240,COMPLETED
C108,T108,V001,132246994,2023-08-01,2024-07-31,2024-07-31,365,365,COMPLETED
C109,T109,V027,97992643,2023-07-28,2024-01-24,2024-01-24,180,180,COMPLETED
C110,T110,V042,22558975,2023-08-12,2024-04-08,2024-04-08,240,240,COMPLETED
C111,T111,V009,8357216,2023-08-15,2024-08-14,2024-08-14,365,365,COMPLETED
C112,T112,V009,152455647,2023-08-10,2024-08-09,2024-10-22,365,439,DELAYED
C113,T113,V048,38331752,2023-08-08,2024-02-04,2024-02-04,180,180,COMPLETED
C114,T114,V025,51150372,2023-08-22,2023-11-20,2023-11-20,90,90,COMPLETED
C115,T115,V009,126387439,2023-08-12,2023-11-10,2024-02-26,90,198,DELAYED
C116,T116,V009,150863998,2023-08-16,2023-11-14,2024-01-14,90,151,DELAYED
C117,T117,V028,141862038,2023-08-14,2024-08-13,2024-08-13,365,365,COMPLETED
C118,T118,V013,38154947,2023-08-18,2024-08-17,2024-08-17,365,365,COMPLETED
C119,T119,V036,142548985,2023-08-13,2024-08-12,2024-08-12,365,365,COMPLETED
C120,T120,V044,18824633,2023-08-28,2023-11-26,2023-11-26,90,90,COMPLETED
C121,T121,V026,79961386,2023-08-23,2023-11-21,2023-11-21,90,90,COMPLETED
C122,T122,V024,11284012,2023-08-21,2024-04-17,2024-04-17,240,240,COMPLETED
C123,T123,V014,68563709,2023-08-14,2025-02-04,2025-05-05,540,630,DELAYED
C124,T124,V033,123254379,2023-08-29,2025-02-19,2025-02-19,540,540,COMPLETED
C125,T125,V038,54879340,2023-08-29,2024-08-28,2024-08-28,365,365,COMPLETED
C126,T126,V001,36831171,2023-09-07,2025-02-28,2025-05-29,540,630,DELAYED
C127,T127,V009,15979418,2023-08-30,2023-11-28,2023-11-28,90,90,COMPLETED
C128,T128,V025,161304168,2023-08-25,2024-08-24,2024-08-24,365,365,COMPLETED
C129,T129,V006,49550342,2023-08-23,2025-02-13,2025-05-09,540,625,DELAYED
C130,T130,V048,14301722,2023-09-07,2023-12-06,2023-12-06,90,90,COMPLETED
C131,T131,V023,110997448,2023-09-03,2024-09-02,2024-09-02,365,365,COMPLETED
C132,T132,V042,50741266,2023-09-01,2023-11-30,2024-02-21,90,173,DELAYED
C133,T133,V011,143750370,2023-08-27,2025-02-17,2025-02-17,540,540,COMPLETED
C134,T134,V016,113095385,2023-09-11,2023-12-10,2024-03-01,90,172,DELAYED
C135,T135,V015,145626180,2023-09-14,2024-09-13,2024-09-13,365,365,COMPLETED
C136,T136,V005,120556545,2023-09-12,2024-05-09,2024-05-09,240,240,COMPLETED
C137,T137,V007,48685094,2023-09-14,2024-03-12,2024-05-26,180,255,DELAYED
C138,T138,V021,45353979,2023-09-15,2024-03-13,2024-03-13,180,180,COMPLETED
C139,T139,V020,111453852,2023-09-15,2024-03-13,2024-03-13,180,180,COMPLETED
C140,T140,V049,5043632,2023-09-20,2024-09-19,2024-09-19,365,365,COMPLETED
C141,T141,V048,50406572,2023-09-20,2024-03-18,2024-03-18,180,180,COMPLETED
C142,T142,V039,34195448,2023-09-19,2023-12-18,2024-01-29,90,132,COMPLETED
C143,T143,V025,124512509,2023-09-19,2023-12-18,2023-12-18,90,90,COMPLETED
C144,T144,V001,115171155,2023-09-19,2024-09-18,2024-09-18,365,365,COMPLETED
C145,T145,V008,11541046,2023-09-18,2024-03-16,2024-03-16,180,180,COMPLETED
C146,T146,V007,85599557,2023-09-20,2024-09-19,2024-09-19,365,365,COMPLETED
C147,T147,V044,168871957,2023-10-03,2024-01-01,2024-01-01,90,90,COMPLETED
C148,T148,V050,25859395,2023-09-22,2025-03-15,2025-03-15,540,540,COMPLETED
C149,T149,V007,165013965,2023-09-25,2023-12-24,2023-12-24,90,90,COMPLETED
C150,T150,V026,8762492,2023-10-10,2024-10-09,2024-11-26,365,413,COMPLETED
C151,T151,V021,67909203,2023-09-28,2024-09-27,2024-11-18,365,417,COMPLETED
C152,T152,V032,125106979,2023-09-29,2025-03-22,2025-03-22,540,540,COMPLETED
C153,T153,V050,146692854,2023-09-25,2023-12-24,2023-12-24,90,90,COMPLETED
C154,T154,V026,145030769,2023-10-06,2024-04-03,2024-04-03,180,180,COMPLETED
C155,T155,V030,147739604,2023-09-23,2025-03-16,2025-03-16,540,540,COMPLETED
C156,T156,V014,24372022,2023-09-28,2023-12-27,2023-12-27,90,90,COMPLETED
C157,T157,V018,126092741,2023-10-12,2024-01-10,2024-01-10,90,90,COMPLETED
C158,T158,V032,11566322,2023-10-13,2024-04-10,2024-06-25,180,256,DELAYED
C159,T159,V008,115578403,2023-10-14,2024-06-10,2024-09-28,240,350,DELAYED
C160,T160,V040,102193229,2023-10-23,2024-06-19,2024-06-19,240,240,COMPLETED
C161,T161,V035,78228815,2023-10-20,2024-04-17,2024-04-17,180,180,COMPLETED
C162,T162,V001,101991698,2023-10-06,2024-04-03,2024-06-13,180,251,DELAYED
C163,T163,V002,152413279,2023-10-15,2024-01-13,2024-03-01,90,138,COMPLETED
C164,T164,V002,25233555,2023-10-10,2024-06-06,2024-06-06,240,240,COMPLETED
C165,T165,V050,145902114,2023-10-14,2024-04-11,2024-04-11,180,180,COMPLETED
C166,T166,V031,56552327,2023-10-16,2024-04-13,2024-05-15,180,212,COMPLETED
C167,T167,V046,51912653,2023-10-21,2024-04-18,2024-07-11,180,264,DELAYED
C168,T168,V047,106683905,2023-10-25,2024-10-24,2025-01-18,365,451,DELAYED
C169,T169,V007,158580085,2023-10-21,2025-04-13,2025-04-13,540,540,COMPLETED
C170,T170,V038,126992794,2023-10-29,2024-01-27,2024-01-27,90,90,COMPLETED
C171,T171,V011,86949460,2023-11-05,2024-11-04,2024-11-04,365,365,COMPLETED
C172,T172,V043,95723029,2023-11-03,2024-06-30,2024-06-30,240,240,COMPLETED
C173,T173,V026,69908273,2023-10-29,2024-04-26,2024-04-26,180,180,COMPLETED
C174,T174,V038,153386113,2023-10-30,2024-06-26,2024-06-26,240,240,COMPLETED
C175,T175,V031,40395262,2023-11-03,2024-05-01,2024-05-01,180,180,COMPLETED
C176,T176,V003,115791526,2023-10-29,2025-04-21,2025-04-21,540,540,COMPLETED
C177,T177,V043,102708852,2023-10-23,2024-04-20,2024-07-12,180,263,DELAYED
C178,T178,V047,89787819,2023-11-06,2024-02-04,2024-02-04,90,90,COMPLETED
C179,T179,V038,154898915,2023-11-04,2024-07-01,2024-07-01,240,240,COMPLETED
C180,T180,V001,115985682,2023-11-08,2024-05-06,2024-07-23,180,258,DELAYED
C181,T181,V030,77084393,2023-11-08,2024-11-07,2025-01-22,365,441,DELAYED
C182,T182,V011,40175802,2023-11-06,2025-04-29,2025-07-20,540,622,DELAYED
C183,T183,V005,152392932,2023-11-05,2024-11-04,2024-11-04,365,365,COMPLETED
C184,T184,V039,17753449,2023-11-10,2024-11-09,2025-02-13,365,461,DELAYED
C185,T185,V043,132266485,2023-11-18,2024-11-17,2024-11-17,365,365,COMPLETED
C186,T186,V022,169080587,2023-11-24,2024-05-22,2024-05-22,180,180,COMPLETED
C187,T187,V004,84578231,2023-11-12,2025-05-05,2025-08-26,540,653,DELAYED
C188,T188,V004,142133381,2023-11-16,2024-11-15,2024-11-15,365,365,COMPLETED
C189,T189,V031,150261458,2023-11-23,2024-02-21,2024-02-21,90,90,COMPLETED
C190,T190,V014,134783167,2023-11-13,2024-05-11,2024-05-11,180,180,COMPLETED
C191,T191,V022,69943405,2023-11-16,2024-02-14,2024-02-14,90,90,COMPLETED
C192,T192,V015,158074063,2023-11-22,2024-07-19,2024-07-19,240,240,COMPLETED
C193,T193,V016,22519053,2023-11-24,2024-11-23,2024-11-23,365,365,COMPLETED
C194,T194,V046,71538124,2023-11-19,2024-11-18,2025-01-06,365,414,COMPLETED
C195,T195,V028,6461073,2023-11-28,2024-07-25,2024-09-07,240,284,COMPLETED
C196,T196,V004,73620773,2023-11-27,2024-02-25,2024-02-25,90,90,COMPLETED
C197,T197,V047,118587218,2023-12-02,2024-12-01,2024-12-01,365,365,COMPLETED
C198,T198,V001,49551904,2023-11-22,2024-02-20,2024-02-20,90,90,COMPLETED
C199,T199,V047,27158614,2023-11-30,2024-05-28,2024-05-28,180,180,COMPLETED
C200,T200,V010,91172574,2023-12-08,2025-05-31,2025-05-31,540,540,COMPLETED
C201,T201,V029,126605329,2023-12-03,2024-05-31,2024-05-31,180,180,COMPLETED
C202,T202,V004,60038983,2023-11-25,2024-11-24,2024-11-24,365,365,COMPLETED
C203,T203,V003,106483278,2023-12-06,2024-06-03,2024-06-03,180,180,COMPLETED
C204,T204,V039,125557902,2023-12-13,2024-08-09,2024-08-09,240,240,COMPLETED
C205,T205,V022,58124762,2023-12-14,2025-06-06,2025-06-06,540,540,COMPLETED
C206,T206,V026,163799772,2023-11-30,2024-02-28,2024-02-28,90,90,COMPLETED
C207,T207,V010,8826715,2023-12-20,2024-06-17,2024-06-17,180,180,COMPLETED
C208,T208,V008,143704278,2023-12-14,2024-12-13,2024-12-13,365,365,COMPLETED
C209,T209,V039,105793286,2023-12-15,2024-12-14,2024-12-14,365,365,COMPLETED
C210,T210,V028,66200843,2023-12-04,2024-07-31,2024-07-31,240,240,COMPLETED
C211,T211,V010,24575477,2023-12-17,2025-06-09,2025-06-09,540,540,COMPLETED
C212,T212,V013,89966862,2023-12-17,2024-08-13,2024-08-13,240,240,COMPLETED
C213,T213,V028,102257193,2023-12-16,2024-06-13,2024-06-13,180,180,COMPLETED
C214,T214,V004,159270784,2023-12-24,2024-06-21,2024-06-21,180,180,COMPLETED
C215,T215,V045,160080702,2023-12-10,2024-06-07,2024-09-19,180,284,DELAYED
C216,T216,V001,111475415,2023-12-25,2024-12-24,2024-12-24,365,365,COMPLETED
C217,T217,V008,114210190,2023-12-20,2024-12-19,2024-12-19,365,365,COMPLETED
C218,T218,V045,47807573,2023-12-29,2024-08-25,2024-09-26,240,272,COMPLETED
C219,T219,V023,137024000,2023-12-22,2024-08-18,2024-08-18,240,240,COMPLETED
C220,T220,V008,130866723,2024-01-02,2025-01-01,2025-01-01,365,365,COMPLETED
C221,T221,V035,67969696,2023-12-27,2024-03-26,2024-03-26,90,90,COMPLETED
C222,T222,V048,154258098,2023-12-31,2024-03-30,2024-03-30,90,90,COMPLETED
C223,T223,V043,32527499,2023-12-28,2025-06-20,2025-06-20,540,540,COMPLETED
C224,T224,V023,5447865,2023-12-29,2025-06-21,2025-07-30,540,579,COMPLETED
C225,T225,V036,155292758,2024-01-06,2025-01-05,2025-01-05,365,365,COMPLETED
C226,T226,V019,143004189,2024-01-01,2024-08-28,2024-08-28,240,240,COMPLETED
C227,T227,V025,17505100,2024-01-04,2024-04-03,2024-04-03,90,90,COMPLETED
C228,T228,V015,140327470,2024-01-05,2025-06-28,2025-06-28,540,540,COMPLETED
C229,T229,V017,17152090,2024-01-15,2024-09-11,2024-09-11,240,240,COMPLETED
C230,T230,V046,80065967,2023-12-31,2024-08-27,2024-08-27,240,240,COMPLETED
C231,T231,V041,97367633,2024-01-17,2024-04-16,2024-07-01,90,166,DELAYED
C232,T232,V043,62948706,2024-01-17,2024-07-15,2024-07-15,180,180,COMPLETED
C233,T233,V029,134277631,2024-01-05,2025-01-04,2025-01-04,365,365,COMPLETED
C234,T234,V001,122832215,2024-01-24,2025-07-17,2025-07-17,540,540,COMPLETED
C235,T235,V038,20369287,2024-01-19,2024-04-18,2024-04-18,90,90,COMPLETED
C236,T236,V029,103711358,2024-01-15,2024-09-11,2024-09-11,240,240,COMPLETED
C237,T237,V007,55756470,2024-01-19,2024-04-18,2024-04-18,90,90,COMPLETED
C238,T238,V031,30536031,2024-01-17,2024-07-15,2024-08-15,180,211,COMPLETED
C239,T239,V032,34841359,2024-01-13,2025-01-12,2025-01-12,365,365,COMPLETED
C240,T240,V040,6543930,2024-01-29,2025-01-28,2025-01-28,365,365,COMPLETED
C241,T241,V050,63503350,2024-01-29,2024-07-27,2024-07-27,180,180,COMPLETED
C242,T242,V048,16881007,2024-02-03,2025-02-02,2025-02-02,365,365,COMPLETED
C243,T243,V022,106022829,2024-01-23,2024-09-19,2024-09-19,240,240,COMPLETED
C244,T244,V019,73327678,2024-01-27,2024-07-25,2024-07-25,180,180,COMPLETED
C245,T245,V023,30036020,2024-01-28,2024-09-24,2024-09-24,240,240,COMPLETED
C246,T246,V001,78280468,2024-02-08,2024-08-06,2024-10-02,180,237,COMPLETED
C247,T247,V017,25421607,2024-02-03,2024-09-30,2025-01-16,240,348,DELAYED
C248,T248,V044,14760851,2024-01-29,2025-01-28,2025-05-15,365,472,DELAYED
C249,T249,V042,131248717,2024-02-05,2024-05-05,2024-07-08,90,154,DELAYED
C250,T250,V046,157674806,2024-01-30,2024-09-26,2024-09-26,240,240,COMPLETED
C251,T251,V048,43627615,2024-02-10,2025-02-09,2025-02-09,365,365,COMPLETED
C252,T252,V001,132981800,2024-02-10,2025-02-09,2025-02-09,365,365,COMPLETED
C253,T253,V039,78062911,2024-02-04,2025-07-28,2025-09-27,540,601,DELAYED
C254,T254,V019,70740732,2024-02-05,2025-02-04,2025-04-21,365,441,DELAYED
C255,T255,V042,159364607,2024-02-15,2025-08-08,2025-08-08,540,540,COMPLETED
C256,T256,V005,66582296,2024-02-10,2025-08-03,2025-11-05,540,634,DELAYED
C257,T257,V021,72916276,2024-02-16,2025-08-09,2025-10-29,540,621,DELAYED
C258,T258,V046,90158343,2024-02-26,2024-05-26,2024-07-12,90,137,COMPLETED
C259,T259,V021,103657333,2024-02-21,2025-08-14,2025-08-14,540,540,COMPLETED
C260,T260,V033,122953760,2024-02-19,2025-08-12,2025-10-09,540,598,COMPLETED
C261,T261,V050,115786415,2024-02-25,2025-08-18,2025-11-04,540,618,DELAYED
C262,T262,V039,46564259,2024-02-22,2024-08-20,2024-08-20,180,180,COMPLETED
C263,T263,V001,74100324,2024-02-24,2024-08-22,2024-08-22,180,180,COMPLETED
C264,T264,V025,10234120,2024-02-28,2024-05-28,2024-05-28,90,90,COMPLETED
C265,T265,V001,165252367,2024-02-18,2024-05-18,2024-05-18,90,90,COMPLETED
C266,T266,V023,62360519,2024-02-24,2024-10-21,2024-10-21,240,240,COMPLETED
C267,T267,V034,157703122,2024-02-29,2025-02-28,2025-02-28,365,365,COMPLETED
C268,T268,V022,156198961,2024-02-28,2025-08-21,2025-08-21,540,540,COMPLETED
C269,T269,V026,157002800,2024-02-22,2024-08-20,2024-08-20,180,180,COMPLETED
C270,T270,V001,47706695,2024-03-08,2025-08-30,2025-08-30,540,540,COMPLETED
C271,T271,V010,29313761,2024-03-09,2024-09-05,2024-09-05,180,180,COMPLETED
C272,T272,V004,81450459,2024-03-03,2025-08-25,2025-08-25,540,540,COMPLETED
C273,T273,V027,151198460,2024-02-27,2024-05-27,2024-07-23,90,147,COMPLETED
C274,T274,V003,43368318,2024-03-11,2024-09-07,2024-09-07,180,180,COMPLETED
C275,T275,V048,16351611,2024-03-11,2024-11-06,2025-03-01,240,355,DELAYED
C276,T276,V013,141014290,2024-03-16,2024-11-11,2025-01-29,240,319,DELAYED
C277,T277,V039,20200013,2024-03-11,2024-09-07,2024-11-25,180,259,DELAYED
C278,T278,V016,166273674,2024-03-06,2025-03-06,2025-03-06,365,365,COMPLETED
C279,T279,V013,167742791,2024-03-08,2025-08-30,2025-08-30,540,540,COMPLETED
C280,T280,V035,119393007,2024-03-15,2025-09-06,2025-09-06,540,540,COMPLETED
C281,T281,V019,37330205,2024-03-17,2024-09-13,2025-01-07,180,296,DELAYED
C282,T282,V036,85074893,2024-03-23,2024-11-18,2024-11-18,240,240,COMPLETED
C283,T283,V046,152112121,2024-03-08,2024-06-06,2024-06-06,90,90,COMPLETED
C284,T284,V005,111604142,2024-03-20,2024-11-15,2024-11-15,240,240,COMPLETED
C285,T285,V026,41133048,2024-03-24,2024-09-20,2025-01-08,180,290,DELAYED
C286,T286,V045,109849684,2024-03-23,2024-11-18,2024-11-18,240,240,COMPLETED
C287,T287,V031,113750439,2024-03-26,2024-11-21,2024-11-21,240,240,COMPLETED
C288,T288,V001,53935750,2024-03-14,2025-03-14,2025-03-14,365,365,COMPLETED
C289,T289,V034,149062232,2024-03-27,2024-09-23,2024-09-23,180,180,COMPLETED
C290,T290,V024,52965769,2024-03-28,2024-06-26,2024-10-14,90,200,DELAYED
C291,T291,V025,66636711,2024-03-26,2024-09-22,2024-09-22,180,180,COMPLETED
C292,T292,V030,166817262,2024-04-07,2024-07-06,2024-07-06,90,90,COMPLETED
C293,T293,V019,62836140,2024-03-30,2025-03-30,2025-03-30,365,365,COMPLETED
C294,T294,V026,28436931,2024-03-31,2024-11-26,2024-11-26,240,240,COMPLETED
C295,T295,V003,78277126,2024-04-09,2025-10-01,2025-10-01,540,540,COMPLETED
C296,T296,V044,83618073,2024-04-11,2024-07-10,2024-09-27,90,169,DELAYED
C297,T297,V046,13622093,2024-04-02,2025-09-24,2025-12-01,540,608,DELAYED
C298,T298,V009,6226241,2024-04-01,2024-11-27,2025-01-06,240,280,COMPLETED
C299,T299,V020,13303072,2024-04-07,2024-12-03,2024-12-03,240,240,COMPLETED
C300,T300,V026,147505573,2024-04-08,2024-10-05,2024-10-05,180,180,COMPLETED
C301,T301,V002,111230561,2024-04-07,2024-12-03,2024-12-03,240,240,COMPLETED
C302,T302,V028,40283026,2024-04-22,2024-12-18,2024-12-18,240,240,COMPLETED
C303,T303,V024,114688737,2024-04-16,2024-12-12,2024-12-12,240,240,COMPLETED
C304,T304,V008,140281900,2024-04-14,2024-10-11,2024-10-11,180,180,COMPLETED
C305,T305,V020,12032611,2024-04-13,2024-07-12,2024-08-23,90,132,COMPLETED
C306,T306,V001,71270838,2024-04-09,2024-12-05,2025-01-21,240,287,COMPLETED
C307,T307,V003,148404333,2024-04-18,2024-12-14,2024-12-14,240,240,COMPLETED
C308,T308,V020,71464040,2024-04-23,2025-04-23,2025-04-23,365,365,COMPLETED
C309,T309,V016,94152183,2024-04-17,2025-04-17,2025-04-17,365,365,COMPLETED
C310,T310,V043,149896803,2024-04-25,2024-10-22,2024-10-22,180,180,COMPLETED
C311,T311,V009,16089995,2024-04-23,2025-04-23,2025-04-23,365,365,COMPLETED
C312,T312,V019,13068601,2024-05-02,2025-05-02,2025-07-06,365,430,DELAYED
C313,T313,V035,132441947,2024-05-02,2025-10-24,2025-12-23,540,600,COMPLETED
C314,T314,V031,48025151,2024-04-28,2025-10-20,2025-12-13,540,594,COMPLETED
C315,T315,V039,94751517,2024-04-26,2024-07-25,2024-07-25,90,90,COMPLETED
C316,T316,V038,31296734,2024-04-25,2024-10-22,2024-10-22,180,180,COMPLETED
C317,T317,V017,78202839,2024-05-04,2024-12-30,2024-12-30,240,240,COMPLETED
C318,T318,V032,53263279,2024-05-11,2024-11-07,2025-01-06,180,240,COMPLETED
C319,T319,V017,55718982,2024-05-03,2024-12-29,2024-12-29,240,240,COMPLETED
C320,T320,V007,146127725,2024-05-07,2024-11-03,2024-11-03,180,180,COMPLETED
C321,T321,V003,27879845,2024-05-10,2024-11-06,2024-12-25,180,229,COMPLETED
C322,T322,V029,114033715,2024-05-06,2025-10-28,2025-10-28,540,540,COMPLETED
C323,T323,V049,155500744,2024-05-09,2025-10-31,2025-10-31,540,540,COMPLETED
C324,T324,V001,88704294,2024-05-08,2025-01-03,2025-03-13,240,309,DELAYED
C325,T325,V040,95936378,2024-05-12,2024-08-10,2024-08-10,90,90,COMPLETED
C326,T326,V019,138543461,2024-05-09,2025-01-04,2025-01-04,240,240,COMPLETED
C327,T327,V041,88294717,2024-05-15,2025-01-10,2025-01-10,240,240,COMPLETED
C328,T328,V049,59039764,2024-05-13,2025-05-13,2025-05-13,365,365,COMPLETED
C329,T329,V026,71366757,2024-05-26,2025-11-17,2025-11-17,540,540,COMPLETED
C330,T330,V003,131166254,2024-05-20,2025-01-15,2025-01-15,240,240,COMPLETED
C331,T331,V016,119743564,2024-05-23,2025-11-14,2025-11-14,540,540,COMPLETED
C332,T332,V025,141890751,2024-05-30,2025-11-21,2025-11-21,540,540,COMPLETED
C333,T333,V019,160006170,2024-05-26,2025-11-17,2025-11-17,540,540,COMPLETED
C334,T334,V033,78572379,2024-05-25,2025-01-20,2025-01-20,240,240,COMPLETED
C335,T335,V029,59382316,2024-05-24,2025-05-24,2025-05-24,365,365,COMPLETED
C336,T336,V009,160030509,2024-05-17,2025-05-17,2025-05-17,365,365,COMPLETED
C337,T337,V041,134249743,2024-05-16,2024-08-14,2024-09-14,90,121,COMPLETED
C338,T338,V006,95708188,2024-05-25,2025-01-20,2025-01-20,240,240,COMPLETED
C339,T339,V023,66040880,2024-06-01,2025-01-27,2025-01-27,240,240,COMPLETED
C340,T340,V047,16445756,2024-06-04,2025-06-04,2025-06-04,365,365,COMPLETED
C341,T341,V007,45054173,2024-06-03,2024-11-30,2024-11-30,180,180,COMPLETED
C342,T342,V001,74817996,2024-06-02,2024-11-29,2024-11-29,180,180,COMPLETED
C343,T343,V032,18414014,2024-06-10,2025-06-10,2025-06-10,365,365,COMPLETED
C344,T344,V041,155052303,2024-06-12,2024-12-09,2024-12-09,180,180,COMPLETED
C345,T345,V010,49602602,2024-06-19,2025-02-14,2025-02-14,240,240,COMPLETED
C346,T346,V012,57143363,2024-06-08,2024-09-06,2024-12-13,90,188,DELAYED
C347,T347,V037,13174257,2024-06-04,2025-06-04,2025-06-04,365,365,COMPLETED
C348,T348,V004,23702905,2024-06-15,2024-09-13,2024-09-13,90,90,COMPLETED
C349,T349,V050,148806145,2024-06-11,2024-09-09,2024-09-09,90,90,COMPLETED
C350,T350,V013,155190602,2024-06-14,2025-06-14,2025-06-14,365,365,COMPLETED
C351,T351,V042,105490329,2024-06-23,2024-12-20,2025-03-12,180,262,DELAYED
C352,T352,V034,110997338,2024-06-16,2025-12-08,2026-02-27,540,621,DELAYED
C353,T353,V017,51255513,2024-06-12,2025-12-04,2025-12-04,540,540,COMPLETED
C354,T354,V020,3910919,2024-06-15,2024-09-13,2024-09-13,90,90,COMPLETED
C355,T355,V033,20103109,2024-06-28,2024-12-25,2025-03-21,180,266,DELAYED
C356,T356,V011,132507514,2024-06-23,2024-09-21,2024-09-21,90,90,COMPLETED
C357,T357,V044,26351960,2024-06-28,2024-09-26,2024-09-26,90,90,COMPLETED
C358,T358,V039,36924336,2024-06-21,2025-12-13,2025-12-13,540,540,COMPLETED
C359,T359,V035,19642476,2024-07-01,2025-12-23,2025-12-23,540,540,COMPLETED
C360,T360,V001,83726883,2024-06-22,2025-02-17,2025-02-17,240,240,COMPLETED
C361,T361,V050,35286285,2024-06-29,2025-06-29,2025-06-29,365,365,COMPLETED
C362,T362,V034,131484869,2024-06-27,2025-12-19,2025-12-19,540,540,COMPLETED
C363,T363,V036,90587004,2024-06-29,2025-12-21,2025-12-21,540,540,COMPLETED
C364,T364,V026,39366837,2024-06-28,2025-12-20,2025-12-20,540,540,COMPLETED
C365,T365,V017,76901475,2024-07-04,2025-03-01,2025-03-01,240,240,COMPLETED
C366,T366,V017,64031026,2024-06-29,2025-12-21,2025-12-21,540,540,COMPLETED
C367,T367,V009,159436249,2024-06-29,2025-02-24,2025-02-24,240,240,COMPLETED
C368,T368,V050,151791198,2024-07-13,2026-01-04,2026-01-04,540,540,COMPLETED
C369,T369,V030,10860217,2024-07-14,2025-07-14,2025-07-14,365,365,COMPLETED
C370,T370,V039,122131928,2024-07-08,2024-10-06,2024-10-06,90,90,COMPLETED
C371,T371,V035,4445108,2024-07-03,2025-02-28,2025-02-28,240,240,COMPLETED
C372,T372,V038,147326896,2024-07-21,2025-01-17,2025-01-17,180,180,COMPLETED
C373,T373,V028,109264740,2024-07-12,2025-01-08,2025-01-08,180,180,COMPLETED
C374,T374,V019,27887225,2024-07-16,2025-07-16,2025-07-16,365,365,COMPLETED
C375,T375,V048,10666829,2024-07-16,2025-07-16,2025-07-16,365,365,COMPLETED
C376,T376,V018,136439275,2024-07-23,2025-01-19,2025-01-19,180,180,COMPLETED
C377,T377,V008,109438823,2024-07-28,2026-01-19,2026-05-06,540,647,DELAYED
C378,T378,V001,89535699,2024-07-30,2025-03-27,2025-03-27,240,240,COMPLETED
C379,T379,V041,90116858,2024-07-20,2024-10-18,2024-10-18,90,90,COMPLETED
C380,T380,V005,141737959,2024-07-12,2026-01-03,2026-01-03,540,540,COMPLETED
C381,T381,V033,98712130,2024-07-28,2025-07-28,2025-07-28,365,365,COMPLETED
C382,T382,V041,91469035,2024-08-01,2024-10-30,2024-10-30,90,90,COMPLETED
C383,T383,V047,94836352,2024-07-27,2025-03-24,2025-03-24,240,240,COMPLETED
C384,T384,V048,81532540,2024-08-01,2024-10-30,2024-10-30,90,90,COMPLETED
C385,T385,V035,51765805,2024-07-25,2024-10-23,2024-11-25,90,123,COMPLETED
C386,T386,V045,162624961,2024-08-06,2025-04-03,2025-04-03,240,240,COMPLETED
C387,T387,V049,39072876,2024-07-26,2026-01-17,2026-02-23,540,577,COMPLETED
C388,T388,V042,124596611,2024-07-24,2025-03-21,2025-03-21,240,240,COMPLETED
C389,T389,V014,109952807,2024-07-28,2025-07-28,2025-07-28,365,365,COMPLETED
C390,T390,V044,140808141,2024-08-14,2024-11-12,2024-11-12,90,90,COMPLETED
C391,T391,V041,53696844,2024-08-02,2026-01-24,2026-01-24,540,540,COMPLETED
C392,T392,V049,82465088,2024-08-09,2025-08-09,2025-08-09,365,365,COMPLETED
C393,T393,V048,95987345,2024-08-13,2024-11-11,2024-11-11,90,90,COMPLETED
C394,T394,V020,77652462,2024-08-17,2025-02-13,2025-02-13,180,180,COMPLETED
C395,T395,V010,18775064,2024-08-06,2025-04-03,2025-04-03,240,240,COMPLETED
C396,T396,V001,20089105,2024-08-19,2025-04-16,2025-04-16,240,240,COMPLETED
C397,T397,V031,16846785,2024-08-22,2025-08-22,2025-08-22,365,365,COMPLETED
C398,T398,V003,28562754,2024-08-04,2025-08-04,2025-08-04,365,365,COMPLETED
C399,T399,V040,125675155,2024-08-27,2025-08-27,2025-08-27,365,365,COMPLETED
C400,T400,V039,142567972,2024-08-09,2025-04-06,2025-05-25,240,289,COMPLETED
C401,T401,V027,22080993,2024-08-17,2026-02-08,2026-04-16,540,607,DELAYED
C402,T402,V045,154950782,2024-08-17,2025-02-13,2025-02-13,180,180,COMPLETED
C403,T403,V021,91330226,2024-08-27,2025-08-27,2025-08-27,365,365,COMPLETED
C404,T404,V016,123929700,2024-08-25,2025-08-25,2025-08-25,365,365,COMPLETED
C405,T405,V035,121079207,2024-08-21,2025-04-18,2025-04-18,240,240,COMPLETED
C406,T406,V040,154553842,2024-08-28,2025-04-25,2025-04-25,240,240,COMPLETED
C407,T407,V039,105915688,2024-09-01,2025-04-29,2025-08-23,240,356,DELAYED
C408,T408,V019,103755950,2024-08-27,2024-11-25,2024-11-25,90,90,COMPLETED
C409,T409,V028,82825836,2024-09-11,2025-03-10,2025-03-10,180,180,COMPLETED
C410,T410,V050,64940245,2024-09-13,2025-09-13,2025-09-13,365,365,COMPLETED
C411,T411,V017,114156554,2024-08-28,2026-02-19,2026-05-14,540,624,DELAYED
C412,T412,V011,76778406,2024-09-07,2025-09-07,2025-09-07,365,365,COMPLETED
C413,T413,V034,93379489,2024-09-05,2025-09-05,2025-09-05,365,365,COMPLETED
C414,T414,V001,30700614,2024-09-11,2025-09-11,2025-09-11,365,365,COMPLETED
C415,T415,V006,116214806,2024-09-03,2026-02-25,2026-02-25,540,540,COMPLETED
C416,T416,V017,4574536,2024-09-02,2025-09-02,2025-09-02,365,365,COMPLETED
C417,T417,V030,125365792,2024-09-06,2025-03-05,2025-06-24,180,291,DELAYED
C418,T418,V005,47652364,2024-09-09,2025-03-08,2025-03-08,180,180,COMPLETED
C419,T419,V036,155369652,2024-09-16,2025-09-16,2025-09-16,365,365,COMPLETED
C420,T420,V003,121440840,2024-09-10,2025-03-09,2025-03-09,180,180,COMPLETED
C421,T421,V050,12199276,2024-09-15,2025-03-14,2025-03-14,180,180,COMPLETED
C422,T422,V036,165003204,2024-09-10,2025-09-10,2025-09-10,365,365,COMPLETED
C423,T423,V026,74597181,2024-09-22,2025-05-20,2025-08-20,240,332,DELAYED
C424,T424,V036,93076540,2024-09-22,2024-12-21,2024-12-21,90,90,COMPLETED
C425,T425,V016,14799746,2024-09-21,2024-12-20,2024-12-20,90,90,COMPLETED
C426,T426,V026,132116277,2024-09-26,2025-03-25,2025-03-25,180,180,COMPLETED
C427,T427,V035,34412251,2024-09-25,2025-03-24,2025-05-23,180,240,COMPLETED
C428,T428,V027,132862957,2024-09-29,2025-03-28,2025-05-17,180,230,COMPLETED
C429,T429,V010,55071727,2024-09-20,2024-12-19,2024-12-19,90,90,COMPLETED
C430,T430,V011,108449853,2024-09-28,2024-12-27,2025-04-25,90,209,DELAYED
C431,T431,V001,148328520,2024-09-28,2025-05-26,2025-05-26,240,240,COMPLETED
C432,T432,V001,86937341,2024-09-29,2025-09-29,2025-11-19,365,416,COMPLETED
C433,T433,V025,53627952,2024-10-06,2025-04-04,2025-04-04,180,180,COMPLETED
C434,T434,V020,74000520,2024-10-03,2025-05-31,2025-05-31,240,240,COMPLETED
C435,T435,V025,27803734,2024-09-28,2024-12-27,2024-12-27,90,90,COMPLETED
C436,T436,V005,114341683,2024-10-03,2025-10-03,2025-10-03,365,365,COMPLETED
C437,T437,V013,52741329,2024-10-07,2025-10-07,2025-10-07,365,365,COMPLETED
C438,T438,V024,73491936,2024-10-11,2025-04-09,2025-05-19,180,220,COMPLETED
C439,T439,V013,113923434,2024-10-17,2025-01-15,2025-01-15,90,90,COMPLETED
C440,T440,V047,148979698,2024-10-12,2025-10-12,2025-10-12,365,365,COMPLETED
C441,T441,V015,99802016,2024-10-23,2025-01-21,2025-01-21,90,90,COMPLETED
C442,T442,V021,68098325,2024-10-13,2025-01-11,2025-01-11,90,90,COMPLETED
C443,T443,V048,118807217,2024-10-16,2026-04-09,2026-04-09,540,540,COMPLETED
C444,T444,V032,159183846,2024-10-19,2025-01-17,2025-01-17,90,90,COMPLETED
C445,T445,V011,43988922,2024-10-13,2025-01-11,2025-01-11,90,90,COMPLETED
C446,T446,V015,95502565,2024-10-20,2025-06-17,2025-06-17,240,240,COMPLETED
C447,T447,V043,74311687,2024-10-27,2025-04-25,2025-04-25,180,180,COMPLETED
C448,T448,V045,99313230,2024-10-21,2026-04-14,2026-06-11,540,598,COMPLETED
C449,T449,V030,22576995,2024-10-17,2025-10-17,2025-10-17,365,365,COMPLETED
C450,T450,V001,40323465,2024-10-19,2026-04-12,2026-04-12,540,540,COMPLETED
C451,T451,V002,118929634,2024-10-31,2025-04-29,2025-04-29,180,180,COMPLETED
C452,T452,V039,61025786,2024-10-22,2025-06-19,2025-09-14,240,327,DELAYED
C453,T453,V041,123453789,2024-10-22,2025-01-20,2025-02-26,90,127,COMPLETED
C454,T454,V022,49614220,2024-10-30,2026-04-23,2026-04-23,540,540,COMPLETED
C455,T455,V026,127281427,2024-11-05,2025-07-03,2025-07-03,240,240,COMPLETED
C456,T456,V005,15185314,2024-10-29,2025-10-29,2026-01-06,365,434,DELAYED
C457,T457,V010,71676226,2024-11-05,2025-02-03,2025-05-16,90,192,DELAYED
C458,T458,V040,92112696,2024-10-29,2025-06-26,2025-09-08,240,314,DELAYED
C459,T459,V048,110747003,2024-10-31,2025-04-29,2025-04-29,180,180,COMPLETED
C460,T460,V005,64672523,2024-11-09,2025-07-07,2025-08-11,240,275,COMPLETED
C461,T461,V029,94262327,2024-11-20,2025-07-18,2025-07-18,240,240,COMPLETED
C462,T462,V008,13475451,2024-11-15,2025-02-13,2025-02-13,90,90,COMPLETED
C463,T463,V012,140492133,2024-11-09,2025-11-09,2025-11-09,365,365,COMPLETED
C464,T464,V024,94605996,2024-11-04,2025-05-03,2025-05-03,180,180,COMPLETED
C465,T465,V048,33823148,2024-11-09,2025-11-09,2025-11-09,365,365,COMPLETED
C466,T466,V042,58095274,2024-11-11,2025-07-09,2025-07-09,240,240,COMPLETED
C467,T467,V011,146779824,2024-11-20,2026-05-14,2026-05-14,540,540,COMPLETED
C468,T468,V001,5666394,2024-11-26,2025-02-24,2025-02-24,90,90,COMPLETED
C469,T469,V031,12583304,2024-11-16,2025-11-16,2025-11-16,365,365,COMPLETED
C470,T470,V001,158973176,2024-12-01,2026-05-25,2026-08-13,540,620,DELAYED
C471,T471,V029,124159720,2024-11-16,2025-05-15,2025-06-29,180,225,COMPLETED
C472,T472,V021,17842439,2024-11-18,2025-05-17,2025-05-17,180,180,COMPLETED
C473,T473,V017,18024364,2024-11-19,2025-07-17,2025-07-17,240,240,COMPLETED
C474,T474,V035,136701047,2024-11-23,2025-07-21,2025-07-21,240,240,COMPLETED
C475,T475,V021,54570091,2024-11-29,2026-05-23,2026-07-16,540,594,COMPLETED
C476,T476,V035,13638695,2024-11-23,2025-11-23,2025-11-23,365,365,COMPLETED
C477,T477,V043,53430099,2024-12-01,2026-05-25,2026-05-25,540,540,COMPLETED
C478,T478,V030,83131499,2024-12-08,2026-06-01,2026-06-01,540,540,COMPLETED
C479,T479,V010,32088521,2024-12-08,2025-08-05,2025-12-03,240,360,DELAYED
C480,T480,V034,149096012,2024-12-05,2025-03-05,2025-03-05,90,90,COMPLETED
C481,T481,V021,85573205,2024-12-06,2025-12-06,2026-03-01,365,450,DELAYED
C482,T482,V024,151956575,2024-12-03,2025-06-01,2025-08-14,180,254,DELAYED
C483,T483,V025,64954477,2024-12-03,2025-06-01,2025-06-01,180,180,COMPLETED
C484,T484,V010,149820686,2024-12-16,2025-06-14,2025-06-14,180,180,COMPLETED
C485,T485,V031,54796658,2024-12-12,2025-12-12,2025-12-12,365,365,COMPLETED
C486,T486,V001,70192504,2024-12-06,2026-05-30,2026-05-30,540,540,COMPLETED
C487,T487,V045,61704816,2024-12-13,2025-06-11,2025-06-11,180,180,COMPLETED
C488,T488,V028,75154695,2024-12-02,2026-05-26,2026-08-01,540,607,DELAYED
C489,T489,V010,100817274,2024-12-06,2025-08-03,2025-08-03,240,240,COMPLETED
C490,T490,V020,4530839,2023-04-04,2024-04-03,2024-04-03,365,365,COMPLETED
C491,T491,V020,126858876,2024-12-20,2026-06-13,2026-06-13,540,540,COMPLETED
C492,T492,V006,74867638,2024-12-18,2025-06-16,2025-06-16,180,180,COMPLETED
C493,T493,V007,62408170,2024-12-12,2025-03-12,2025-03-12,90,90,COMPLETED
C494,T494,V044,139022524,2024-12-20,2025-03-20,2025-03-20,90,90,COMPLETED
C495,T495,V003,14899140,2024-12-22,2026-06-15,2026-09-19,540,636,DELAYED
C496,T496,V005,25661117,2024-12-19,2025-08-16,2025-08-16,240,240,COMPLETED
C497,T497,V041,48825939,2024-12-31,2025-03-31,2025-03-31,90,90,COMPLETED
C498,T498,V025,41467318,2024-12-23,2025-03-23,2025-05-10,90,138,COMPLETED
C499,T499,V039,47311861,2024-12-20,2025-12-20,2025-12-20,365,365,COMPLETED
C500,T500,V019,36414547,2025-01-01,2025-08-29,2025-08-29,240,240,COMPLETED
